id,name,raw_body_part,raw_target,raw_secondaries,raw_equipment,current_category,current_primary_muscle,current_secondaries,load_mechanism,load_mode,bodyweight_factor,plate_base_kind,movement_family,complexity,machine_resistance_class,flags
ex-0001,3/4 sit-up,waist,abs,hip flexors; lower back,body weight,bodyweight,core,,bodyweight,added_weight,,none,core,unknown,none_expected,SECONDARY_DUPLICATES_PRIMARY
ex-0002,45° side bend,waist,abs,obliques,body weight,bodyweight,core,,bodyweight,added_weight,,none,core,unknown,none_expected,SECONDARY_DUPLICATES_PRIMARY
ex-0003,Air bike,waist,abs,hip flexors,body weight,bodyweight,core,,bodyweight,added_weight,,none,core,unknown,none_expected,SECONDARY_DUPLICATES_PRIMARY
ex-1512,All fours squad stretch,upper legs,quads,hamstrings; glutes,body weight,bodyweight,quadriceps,hamstrings; glutes,bodyweight,added_weight,,none,other,unknown,none_expected,
ex-0006,Alternate heel touchers,waist,abs,obliques,body weight,bodyweight,core,,bodyweight,added_weight,,none,core,unknown,none_expected,SECONDARY_DUPLICATES_PRIMARY
ex-0007,Alternate lateral pulldown,back,lats,biceps; rhomboids,cable,cable,back,biceps; core,cable,per_side,,none,pulldown,compound,none_expected,
ex-1368,Ankle circles,lower legs,calves,ankle stabilizers,body weight,bodyweight,calves,core,bodyweight,added_weight,,none,calf_raise,isolation,none_expected,
ex-3293,Archer pull up,back,lats,biceps; forearms,body weight,bodyweight,back,biceps; forearms,bodyweight,added_weight,1,none,pull_up,compound,none_expected,
ex-3294,Archer push up,chest,pectorals,triceps; shoulders; core,body weight,bodyweight,chest,triceps; core,bodyweight,added_weight,,none,bench_press,compound,none_expected,
ex-2355,Arm slingers hanging bent knee legs,waist,abs,shoulders; back,body weight,bodyweight,core,,bodyweight,added_weight,,none,core,unknown,none_expected,SECONDARY_DUPLICATES_PRIMARY
ex-2333,Arm slingers hanging straight legs,waist,abs,shoulders; back,body weight,bodyweight,core,,bodyweight,added_weight,,none,core,unknown,none_expected,SECONDARY_DUPLICATES_PRIMARY
ex-3214,Arms apart circular toe touch (male),upper legs,glutes,hamstrings; quadriceps; calves,body weight,bodyweight,glutes,hamstrings; core; calves,bodyweight,added_weight,,none,other,unknown,none_expected,
ex-3204,Arms overhead full sit-up (male),waist,abs,hip flexors; lower back,body weight,bodyweight,core,,bodyweight,added_weight,,none,core,unknown,none_expected,SECONDARY_DUPLICATES_PRIMARY
ex-0009,Assisted chest dip (kneeling),chest,pectorals,triceps; shoulders,leverage machine,machine,chest,triceps; core,bodyweight,assisted,1,none,elbow_extension,compound,none_expected,
ex-0011,Assisted hanging knee raise,waist,abs,hip flexors,assisted,bodyweight,core,,bodyweight,added_weight,,none,core,isolation,none_expected,SECONDARY_DUPLICATES_PRIMARY; ASSISTED_METADATA_INCONSISTENT
ex-0010,Assisted hanging knee raise with throw down,waist,abs,hip flexors; lower back,assisted,bodyweight,core,,bodyweight,added_weight,,none,core,isolation,none_expected,SECONDARY_DUPLICATES_PRIMARY; ASSISTED_METADATA_INCONSISTENT
ex-1708,Assisted lying calves stretch,lower legs,calves,hamstrings,assisted,bodyweight,calves,hamstrings,bodyweight,added_weight,,none,calf_raise,isolation,none_expected,ASSISTED_METADATA_INCONSISTENT
ex-1709,Assisted lying glutes stretch,upper legs,glutes,hamstrings,assisted,bodyweight,glutes,hamstrings,bodyweight,added_weight,,none,other,unknown,none_expected,ASSISTED_METADATA_INCONSISTENT
ex-1710,Assisted lying gluteus and piriformis stretch,upper legs,glutes,hamstrings,assisted,bodyweight,glutes,hamstrings,bodyweight,added_weight,,none,other,unknown,none_expected,ASSISTED_METADATA_INCONSISTENT
ex-0012,Assisted lying leg raise with lateral throw down,waist,abs,hip flexors; obliques,assisted,bodyweight,core,,bodyweight,added_weight,,none,core,isolation,none_expected,SECONDARY_DUPLICATES_PRIMARY; ASSISTED_METADATA_INCONSISTENT
ex-0013,Assisted lying leg raise with throw down,waist,abs,hip flexors; quadriceps,assisted,bodyweight,core,,bodyweight,added_weight,,none,core,isolation,none_expected,SECONDARY_DUPLICATES_PRIMARY; ASSISTED_METADATA_INCONSISTENT
ex-0014,Assisted motion russian twist,waist,abs,obliques; lower back,medicine ball,other,core,,bodyweight,added_weight,,none,core,unknown,none_expected,UNMAPPED_EQUIPMENT; SECONDARY_DUPLICATES_PRIMARY; ASSISTED_METADATA_INCONSISTENT
ex-0015,Assisted parallel close grip pull-up,back,lats,biceps; forearms,leverage machine,machine,back,biceps; forearms,bodyweight,assisted,1,none,pull_up,compound,none_expected,
ex-0016,Assisted prone hamstring,upper legs,hamstrings,glutes; lower back,assisted,bodyweight,hamstrings,glutes; core,bodyweight,added_weight,,none,other,unknown,none_expected,ASSISTED_METADATA_INCONSISTENT
ex-1713,Assisted prone lying quads stretch,upper legs,quads,hamstrings; glutes,assisted,bodyweight,quadriceps,hamstrings; glutes,bodyweight,added_weight,,none,other,unknown,none_expected,ASSISTED_METADATA_INCONSISTENT
ex-1714,Assisted prone rectus femoris stretch,waist,abs,quadriceps,assisted,bodyweight,core,,bodyweight,added_weight,,none,core,unknown,none_expected,SECONDARY_DUPLICATES_PRIMARY; ASSISTED_METADATA_INCONSISTENT
ex-0017,Assisted pull-up,back,lats,biceps; forearms,leverage machine,machine,back,biceps; forearms,bodyweight,assisted,1,none,pull_up,compound,none_expected,
ex-1716,Assisted seated pectoralis major stretch with stability ball,chest,pectorals,shoulders; triceps,assisted,bodyweight,chest,core; triceps,bodyweight,added_weight,,none,other,unknown,none_expected,ASSISTED_METADATA_INCONSISTENT
ex-1712,Assisted side lying adductor stretch,upper legs,adductors,hamstrings; glutes,assisted,bodyweight,quadriceps,hamstrings; glutes,bodyweight,added_weight,,none,other,unknown,none_expected,UNMAPPED_TARGET; ASSISTED_METADATA_INCONSISTENT
ex-1758,Assisted sit-up,waist,abs,hip flexors,assisted,bodyweight,core,,bodyweight,added_weight,,none,core,unknown,none_expected,SECONDARY_DUPLICATES_PRIMARY; ASSISTED_METADATA_INCONSISTENT
ex-1431,Assisted standing chin-up,back,lats,biceps; forearms,leverage machine,machine,back,biceps; forearms,bodyweight,assisted,1,none,chin_up,compound,none_expected,
ex-1432,Assisted standing pull-up,back,lats,biceps; forearms,leverage machine,machine,back,biceps; forearms,bodyweight,assisted,1,none,pull_up,compound,none_expected,
ex-0018,Assisted standing triceps extension (with towel),upper arms,triceps,shoulders,assisted,bodyweight,triceps,core,bodyweight,added_weight,,none,elbow_extension,isolation,none_expected,ASSISTED_METADATA_INCONSISTENT
ex-0019,Assisted triceps dip (kneeling),upper arms,triceps,chest; shoulders,leverage machine,machine,triceps,core,bodyweight,assisted,1,none,elbow_extension,compound,none_expected,COMPOUND_SINGLE_MUSCLE_METADATA
ex-2364,Assisted wide-grip chest dip (kneeling),chest,pectorals,triceps; shoulders,leverage machine,machine,chest,triceps; core,bodyweight,assisted,1,none,elbow_extension,compound,none_expected,
ex-3220,Astride jumps (male),cardio,cardiovascular system,quadriceps; hamstrings; calves,body weight,bodyweight,core,hamstrings; calves,bodyweight,added_weight,,none,other,unknown,none_expected,UNMAPPED_TARGET; TARGET_FALLBACK_TO_CORE; SECONDARY_DUPLICATES_PRIMARY
ex-3672,Back and forth step,cardio,cardiovascular system,quadriceps; hamstrings; glutes; calves,body weight,bodyweight,core,hamstrings; glutes; calves,bodyweight,added_weight,,none,other,unknown,none_expected,UNMAPPED_TARGET; TARGET_FALLBACK_TO_CORE; SECONDARY_DUPLICATES_PRIMARY
ex-1314,Back extension on exercise ball,back,spine,glutes; hamstrings,stability ball,other,back,glutes; hamstrings,other,total,,none,elbow_extension,isolation,none_expected,UNMAPPED_EQUIPMENT
ex-3297,Back lever,back,upper back,biceps; forearms; core,body weight,bodyweight,back,biceps; forearms; core,bodyweight,added_weight,,none,other,unknown,none_expected,
ex-1405,Back pec stretch,back,lats,shoulders; chest,body weight,bodyweight,back,core,bodyweight,added_weight,,none,other,unknown,none_expected,
ex-1473,Backward jump,upper legs,quads,hamstrings; glutes; calves,body weight,bodyweight,quadriceps,hamstrings; glutes; calves,bodyweight,added_weight,,none,other,unknown,none_expected,
ex-0020,Balance board,upper legs,quads,calves; hamstrings; glutes,body weight,bodyweight,quadriceps,calves; hamstrings; glutes,bodyweight,added_weight,,none,other,unknown,none_expected,
ex-0968,Band alternating biceps curl,upper arms,biceps,forearms,band,other,biceps,forearms,other,total,,none,elbow_flexion,isolation,none_expected,UNMAPPED_EQUIPMENT
ex-0969,Band alternating v-up,waist,abs,hip flexors,band,other,core,,other,total,,none,core,unknown,none_expected,UNMAPPED_EQUIPMENT; SECONDARY_DUPLICATES_PRIMARY
ex-0970,Band assisted pull-up,back,lats,biceps; forearms,band,other,back,biceps; forearms,bodyweight,assisted,1,none,pull_up,compound,none_expected,UNMAPPED_EQUIPMENT
ex-0971,Band assisted wheel rollerout,waist,abs,lower back,band,other,core,,bodyweight,added_weight,,none,core,unknown,none_expected,UNMAPPED_EQUIPMENT; SECONDARY_DUPLICATES_PRIMARY; ASSISTED_METADATA_INCONSISTENT
ex-1254,Band bench press,chest,pectorals,triceps; shoulders,band,other,chest,triceps; core,other,total,,none,bench_press,compound,none_expected,UNMAPPED_EQUIPMENT
ex-0980,Band bent-over hip extension,upper legs,glutes,hamstrings; lower back,band,other,glutes,hamstrings; core,other,total,,none,elbow_extension,isolation,none_expected,UNMAPPED_EQUIPMENT
ex-0972,Band bicycle crunch,waist,abs,hip flexors; obliques,band,other,core,,other,total,,none,core,unknown,none_expected,UNMAPPED_EQUIPMENT; SECONDARY_DUPLICATES_PRIMARY
ex-0974,Band close-grip pulldown,back,lats,biceps; forearms,band,other,back,biceps; forearms,other,total,,none,pulldown,compound,none_expected,UNMAPPED_EQUIPMENT
ex-0975,Band close-grip push-up,upper arms,triceps,chest; shoulders,band,other,triceps,core,other,total,,none,bench_press,compound,none_expected,UNMAPPED_EQUIPMENT; COMPOUND_SINGLE_MUSCLE_METADATA
ex-0976,Band concentration curl,upper arms,biceps,forearms,band,other,biceps,forearms,other,total,,none,elbow_flexion,isolation,none_expected,UNMAPPED_EQUIPMENT
ex-3117,Band fixed back close grip pulldown,back,lats,biceps; forearms,band,other,back,biceps; forearms,other,total,,none,pulldown,compound,none_expected,UNMAPPED_EQUIPMENT
ex-3116,Band fixed back underhand pulldown,back,lats,biceps; rhomboids; rear deltoids,band,other,back,biceps; core,other,total,,none,pulldown,compound,none_expected,UNMAPPED_EQUIPMENT
ex-0977,Band front lateral raise,shoulders,delts,traps; upper back,band,other,shoulders,core; back,other,total,,none,lateral_raise,isolation,none_expected,UNMAPPED_EQUIPMENT
ex-0978,Band front raise,shoulders,delts,triceps; upper back,band,other,shoulders,triceps; back,other,total,,none,front_raise,isolation,none_expected,UNMAPPED_EQUIPMENT
ex-1408,Band hip lift,upper legs,glutes,hamstrings; quadriceps,band,other,glutes,hamstrings; core,other,total,,none,other,unknown,none_expected,UNMAPPED_EQUIPMENT
ex-0979,Band horizontal pallof press,waist,abs,obliques; glutes,band,other,core,glutes,other,total,,none,core,unknown,none_expected,UNMAPPED_EQUIPMENT; SECONDARY_DUPLICATES_PRIMARY
ex-0981,Band jack knife sit-up,waist,abs,hip flexors,band,other,core,,other,total,,none,core,unknown,none_expected,UNMAPPED_EQUIPMENT; SECONDARY_DUPLICATES_PRIMARY
ex-0983,Band kneeling one arm pulldown,back,lats,biceps; rhomboids,band,other,back,biceps; core,other,total,,none,pulldown,compound,none_expected,UNMAPPED_EQUIPMENT
ex-0985,Band kneeling twisting crunch,waist,abs,obliques,band,other,core,,other,total,,none,core,unknown,none_expected,UNMAPPED_EQUIPMENT; SECONDARY_DUPLICATES_PRIMARY
ex-0984,Band lying hip internal rotation,upper legs,glutes,hamstrings; quadriceps,band,other,glutes,hamstrings; core,other,total,,none,other,unknown,none_expected,UNMAPPED_EQUIPMENT
ex-1002,Band lying straight leg raise,waist,abs,hip flexors,band,other,core,,other,total,,none,core,isolation,none_expected,UNMAPPED_EQUIPMENT; SECONDARY_DUPLICATES_PRIMARY
ex-0986,Band one arm overhead biceps curl,upper arms,biceps,forearms; shoulders,band,other,biceps,forearms; core,other,total,,none,elbow_flexion,isolation,none_expected,UNMAPPED_EQUIPMENT
ex-0987,Band one arm single leg split squat,upper legs,quads,glutes; hamstrings,band,other,quadriceps,glutes; hamstrings,other,total,,none,split_squat,compound,none_expected,UNMAPPED_EQUIPMENT; LOWER_BODY_COMPOUND_PRIMARY_QUADRICEPS_ONLY
ex-0988,Band one arm standing low row,back,upper back,biceps; shoulders,band,other,back,biceps; core,other,total,,none,row,compound,none_expected,UNMAPPED_EQUIPMENT
ex-0989,Band one arm twisting chest press,chest,pectorals,shoulders; triceps,band,other,chest,core; triceps,other,total,,none,bench_press,compound,none_expected,UNMAPPED_EQUIPMENT
ex-0990,Band one arm twisting seated row,back,upper back,biceps; shoulders,band,other,back,biceps; core,other,total,,none,row,compound,none_expected,UNMAPPED_EQUIPMENT
ex-0991,Band pull through,upper legs,glutes,hamstrings; lower back,band,other,glutes,hamstrings; core,other,total,,none,other,unknown,none_expected,UNMAPPED_EQUIPMENT
ex-0992,Band push sit-up,waist,abs,shoulders; chest,band,other,core,,other,total,,none,core,unknown,none_expected,UNMAPPED_EQUIPMENT; SECONDARY_DUPLICATES_PRIMARY
ex-0993,Band reverse fly,shoulders,delts,upper back; trapezius,band,other,shoulders,back; core,other,total,,none,rear_delt,isolation,none_expected,UNMAPPED_EQUIPMENT
ex-0994,Band reverse wrist curl,lower arms,forearms,forearms,band,other,forearms,,other,total,,none,elbow_flexion,isolation,none_expected,UNMAPPED_EQUIPMENT; SECONDARY_DUPLICATES_PRIMARY
ex-0996,Band seated hip internal rotation,upper legs,glutes,hamstrings; quadriceps,band,other,glutes,hamstrings; core,other,total,,none,other,unknown,none_expected,UNMAPPED_EQUIPMENT
ex-1011,Band seated twist,waist,abs,obliques,band,other,core,,other,total,,none,core,unknown,none_expected,UNMAPPED_EQUIPMENT; SECONDARY_DUPLICATES_PRIMARY
ex-0997,Band shoulder press,shoulders,delts,triceps; upper back,band,other,shoulders,triceps; back,other,total,,none,vertical_press,compound,none_expected,UNMAPPED_EQUIPMENT
ex-1018,Band shrug,back,traps,shoulders,band,other,back,core,other,total,,none,other,isolation,none_expected,UNMAPPED_EQUIPMENT; UNMAPPED_TARGET
ex-0998,Band side triceps extension,upper arms,triceps,shoulders,band,other,triceps,core,other,total,,none,elbow_extension,isolation,none_expected,UNMAPPED_EQUIPMENT
ex-0999,Band single leg calf raise,lower legs,calves,ankles; feet,band,other,calves,core,other,total,,none,calf_raise,isolation,none_expected,UNMAPPED_EQUIPMENT
ex-1000,Band single leg reverse calf raise,lower legs,calves,hamstrings; glutes,band,other,calves,hamstrings; glutes,other,total,,none,calf_raise,isolation,none_expected,UNMAPPED_EQUIPMENT
ex-1001,Band single leg split squat,upper legs,quads,glutes; hamstrings,band,other,quadriceps,glutes; hamstrings,other,total,,none,split_squat,compound,none_expected,UNMAPPED_EQUIPMENT; LOWER_BODY_COMPOUND_PRIMARY_QUADRICEPS_ONLY
ex-1004,Band squat,upper legs,glutes,quadriceps; hamstrings; calves,band,other,glutes,core; hamstrings; calves,other,total,,none,squat,compound,none_expected,UNMAPPED_EQUIPMENT; LOWER_BODY_COMPOUND_PRIMARY_GLUTES_ONLY
ex-1003,Band squat row,upper legs,glutes,hamstrings; quadriceps; back,band,other,glutes,hamstrings; core,other,total,,none,squat,compound,none_expected,UNMAPPED_EQUIPMENT; LOWER_BODY_COMPOUND_PRIMARY_GLUTES_ONLY
ex-1005,Band standing crunch,waist,abs,obliques,band,other,core,,other,total,,none,core,unknown,none_expected,UNMAPPED_EQUIPMENT; SECONDARY_DUPLICATES_PRIMARY
ex-1022,Band standing rear delt row,shoulders,delts,trapezius; rhomboids; biceps,band,other,shoulders,core; biceps,other,total,,none,row,compound,none_expected,UNMAPPED_EQUIPMENT
ex-1007,Band standing twisting crunch,waist,abs,obliques,band,other,core,,other,total,,none,core,unknown,none_expected,UNMAPPED_EQUIPMENT; SECONDARY_DUPLICATES_PRIMARY
ex-1008,Band step-up,upper legs,glutes,quadriceps; hamstrings; calves,band,other,glutes,core; hamstrings; calves,other,total,,none,step_up,compound,none_expected,UNMAPPED_EQUIPMENT; LOWER_BODY_COMPOUND_PRIMARY_GLUTES_ONLY
ex-1009,Band stiff leg deadlift,upper legs,glutes,hamstrings; lower back,band,other,glutes,hamstrings; core,other,total,,none,romanian_deadlift,compound,none_expected,UNMAPPED_EQUIPMENT
ex-1023,Band straight back stiff leg deadlift,upper legs,glutes,hamstrings; lower back,band,other,glutes,hamstrings; core,other,total,,none,romanian_deadlift,compound,none_expected,UNMAPPED_EQUIPMENT
ex-1010,Band straight leg deadlift,back,spine,hamstrings; glutes,band,other,back,hamstrings; glutes,other,total,,none,romanian_deadlift,compound,none_expected,UNMAPPED_EQUIPMENT
ex-1012,Band twisting overhead press,shoulders,delts,triceps; upper back,band,other,shoulders,triceps; back,other,total,,none,vertical_press,compound,none_expected,UNMAPPED_EQUIPMENT
ex-1369,Band two legs calf raise - (band under both legs) v. 2,lower legs,calves,ankles; feet,band,other,calves,core,other,total,,none,calf_raise,isolation,none_expected,UNMAPPED_EQUIPMENT
ex-1013,Band underhand pulldown,back,lats,biceps; forearms,band,other,back,biceps; forearms,other,total,,none,pulldown,compound,none_expected,UNMAPPED_EQUIPMENT
ex-1014,Band v-up,waist,abs,hip flexors,band,other,core,,other,total,,none,core,unknown,none_expected,UNMAPPED_EQUIPMENT; SECONDARY_DUPLICATES_PRIMARY
ex-1015,Band vertical pallof press,waist,abs,obliques; glutes,band,other,core,glutes,other,total,,none,core,unknown,none_expected,UNMAPPED_EQUIPMENT; SECONDARY_DUPLICATES_PRIMARY
ex-1016,Band wrist curl,lower arms,forearms,biceps; triceps,band,other,forearms,biceps; triceps,other,total,,none,elbow_flexion,isolation,none_expected,UNMAPPED_EQUIPMENT
ex-1017,Band y-raise,shoulders,delts,traps; rhomboids,band,other,shoulders,core,other,total,,none,other,isolation,none_expected,UNMAPPED_EQUIPMENT
ex-0023,Barbell alternate biceps curl,upper arms,biceps,forearms,barbell,barbell,biceps,forearms,barbell,total,,user_bar,elbow_flexion,isolation,none_expected,
ex-0024,Barbell bench front squat,upper legs,quads,hamstrings; glutes; calves,barbell,barbell,quadriceps,hamstrings; glutes; calves,barbell,total,,user_bar,squat,compound,none_expected,LOWER_BODY_COMPOUND_PRIMARY_QUADRICEPS_ONLY
ex-0025,Barbell bench press,chest,pectorals,triceps; shoulders,barbell,barbell,chest,triceps; core,barbell,total,,user_bar,bench_press,compound,none_expected,
ex-0026,Barbell bench squat,upper legs,quads,glutes; hamstrings; calves,barbell,barbell,quadriceps,glutes; hamstrings; calves,barbell,total,,user_bar,squat,compound,none_expected,LOWER_BODY_COMPOUND_PRIMARY_QUADRICEPS_ONLY
ex-1316,Barbell bent arm pullover,back,lats,triceps; chest,barbell,barbell,back,triceps; core,barbell,total,,user_bar,other,isolation,none_expected,
ex-0027,Barbell bent over row,back,upper back,biceps; forearms,barbell,barbell,back,biceps; forearms,barbell,total,,user_bar,row,compound,none_expected,
ex-2407,Barbell biceps curl (with arm blaster),upper arms,biceps,forearms,barbell,barbell,biceps,forearms,barbell,total,,user_bar,elbow_flexion,isolation,none_expected,
ex-0028,Barbell clean and press,upper legs,quads,hamstrings; glutes; shoulders; triceps,barbell,barbell,quadriceps,hamstrings; glutes; core; triceps,barbell,total,,user_bar,other,unknown,none_expected,
ex-0029,Barbell clean-grip front squat,upper legs,glutes,quadriceps; hamstrings; calves; core,barbell,barbell,glutes,core; hamstrings; calves,barbell,total,,user_bar,squat,compound,none_expected,LOWER_BODY_COMPOUND_PRIMARY_GLUTES_ONLY
ex-0030,Barbell close-grip bench press,upper arms,triceps,chest; shoulders,barbell,barbell,triceps,core,barbell,total,,user_bar,bench_press,compound,none_expected,COMPOUND_SINGLE_MUSCLE_METADATA
ex-0031,Barbell curl,upper arms,biceps,forearms,barbell,barbell,biceps,forearms,barbell,total,,user_bar,elbow_flexion,isolation,none_expected,
ex-0032,Barbell deadlift,upper legs,glutes,hamstrings; lower back,barbell,barbell,glutes,hamstrings; core,barbell,total,,user_bar,deadlift,compound,none_expected,
ex-0033,Barbell decline bench press,chest,pectorals,triceps; shoulders,barbell,barbell,chest,triceps; core,barbell,total,,user_bar,decline_press,compound,none_expected,
ex-0034,Barbell decline bent arm pullover,back,lats,triceps; chest,barbell,barbell,back,triceps; core,barbell,total,,user_bar,other,isolation,none_expected,
ex-0035,Barbell decline close grip to skull press,upper arms,triceps,chest; shoulders,barbell,barbell,triceps,core,barbell,total,,user_bar,other,unknown,none_expected,
ex-1255,Barbell decline pullover,chest,pectorals,triceps; shoulders,barbell,barbell,chest,triceps; core,barbell,total,,user_bar,other,isolation,none_expected,
ex-0036,Barbell decline wide-grip press,chest,pectorals,triceps; shoulders,barbell,barbell,chest,triceps; core,barbell,total,,user_bar,bench_press,compound,none_expected,
ex-0037,Barbell decline wide-grip pullover,back,lats,triceps; chest,barbell,barbell,back,triceps; core,barbell,total,,user_bar,other,isolation,none_expected,
ex-0038,Barbell drag curl,upper arms,biceps,forearms,barbell,barbell,biceps,forearms,barbell,total,,user_bar,elbow_flexion,isolation,none_expected,
ex-1370,Barbell floor calf raise,lower legs,calves,hamstrings,barbell,barbell,calves,hamstrings,barbell,total,,user_bar,calf_raise,isolation,none_expected,
ex-0039,Barbell front chest squat,upper legs,glutes,quadriceps; hamstrings; calves; core,barbell,barbell,glutes,core; hamstrings; calves,barbell,total,,user_bar,squat,compound,none_expected,LOWER_BODY_COMPOUND_PRIMARY_GLUTES_ONLY
ex-0041,Barbell front raise,shoulders,delts,biceps; triceps,barbell,barbell,shoulders,biceps; triceps,barbell,total,,user_bar,front_raise,isolation,none_expected,
ex-0040,Barbell front raise and pullover,chest,pectorals,deltoids; triceps,barbell,barbell,chest,core; triceps,barbell,total,,user_bar,front_raise,isolation,none_expected,
ex-0042,Barbell front squat,upper legs,glutes,quadriceps; hamstrings; calves; core,barbell,barbell,glutes,core; hamstrings; calves,barbell,total,,user_bar,squat,compound,none_expected,LOWER_BODY_COMPOUND_PRIMARY_GLUTES_ONLY
ex-0043,Barbell full squat,upper legs,glutes,quadriceps; hamstrings; calves; core,barbell,barbell,glutes,core; hamstrings; calves,barbell,total,,user_bar,squat,compound,none_expected,LOWER_BODY_COMPOUND_PRIMARY_GLUTES_ONLY
ex-1461,Barbell full squat (back pov),upper legs,glutes,quadriceps; hamstrings; calves; core,barbell,barbell,glutes,core; hamstrings; calves,barbell,total,,user_bar,squat,compound,none_expected,LOWER_BODY_COMPOUND_PRIMARY_GLUTES_ONLY
ex-1462,Barbell full squat (side pov),upper legs,glutes,quadriceps; hamstrings; calves; core,barbell,barbell,glutes,core; hamstrings; calves,barbell,total,,user_bar,squat,compound,none_expected,LOWER_BODY_COMPOUND_PRIMARY_GLUTES_ONLY
ex-1545,Barbell full zercher squat,upper legs,glutes,quadriceps; hamstrings; calves; core,barbell,barbell,glutes,core; hamstrings; calves,barbell,total,,user_bar,squat,compound,none_expected,LOWER_BODY_COMPOUND_PRIMARY_GLUTES_ONLY
ex-1409,Barbell glute bridge,upper legs,glutes,hamstrings; lower back,barbell,barbell,glutes,hamstrings; core,barbell,total,,user_bar,hip_thrust,compound,none_expected,
ex-3562,Barbell glute bridge two legs on bench (male),upper legs,glutes,hamstrings; core,barbell,barbell,glutes,hamstrings; core,barbell,total,,user_bar,hip_thrust,compound,none_expected,
ex-0044,Barbell good morning,upper legs,hamstrings,lower back,barbell,barbell,hamstrings,core,barbell,total,,user_bar,other,unknown,none_expected,
ex-0045,Barbell guillotine bench press,chest,pectorals,shoulders; triceps,barbell,barbell,chest,core; triceps,barbell,total,,user_bar,bench_press,compound,none_expected,
ex-0046,Barbell hack squat,upper legs,glutes,quadriceps; hamstrings; calves,barbell,barbell,glutes,core; hamstrings; calves,barbell,total,,user_bar,hack_squat,compound,inherent_resistance_candidate,LOWER_BODY_COMPOUND_PRIMARY_GLUTES_ONLY; POSSIBLE_INHERENT_MACHINE_RESISTANCE
ex-1436,Barbell high bar squat,upper legs,glutes,quadriceps; hamstrings; calves; core,barbell,barbell,glutes,core; hamstrings; calves,barbell,total,,user_bar,squat,compound,none_expected,LOWER_BODY_COMPOUND_PRIMARY_GLUTES_ONLY
ex-0047,Barbell incline bench press,chest,pectorals,shoulders; triceps,barbell,barbell,chest,core; triceps,barbell,total,,user_bar,incline_press,compound,none_expected,
ex-1719,Barbell incline close grip bench press,upper arms,triceps,chest; shoulders,barbell,barbell,triceps,core,barbell,total,,user_bar,bench_press,compound,none_expected,COMPOUND_SINGLE_MUSCLE_METADATA
ex-0048,Barbell incline reverse-grip press,upper arms,triceps,chest; shoulders,barbell,barbell,triceps,core,barbell,total,,user_bar,other,unknown,none_expected,
ex-0049,Barbell incline row,back,upper back,biceps; forearms,barbell,barbell,back,biceps; forearms,barbell,total,,user_bar,row,compound,none_expected,
ex-0050,Barbell incline shoulder raise,chest,serratus anterior,deltoids; trapezius,barbell,barbell,chest,core,barbell,total,,user_bar,other,isolation,none_expected,UNMAPPED_TARGET
ex-0051,Barbell jefferson squat,upper legs,glutes,quadriceps; hamstrings; calves,barbell,barbell,glutes,core; hamstrings; calves,barbell,total,,user_bar,squat,compound,none_expected,LOWER_BODY_COMPOUND_PRIMARY_GLUTES_ONLY
ex-0052,Barbell jm bench press,upper arms,triceps,chest; shoulders,barbell,barbell,triceps,core,barbell,total,,user_bar,bench_press,compound,none_expected,COMPOUND_SINGLE_MUSCLE_METADATA
ex-0053,Barbell jump squat,upper legs,glutes,quadriceps; hamstrings; calves,barbell,barbell,glutes,core; hamstrings; calves,barbell,total,,user_bar,squat,compound,none_expected,LOWER_BODY_COMPOUND_PRIMARY_GLUTES_ONLY
ex-1410,Barbell lateral lunge,upper legs,glutes,quadriceps; hamstrings; calves,barbell,barbell,glutes,core; hamstrings; calves,barbell,total,,user_bar,lunge,compound,none_expected,LOWER_BODY_COMPOUND_PRIMARY_GLUTES_ONLY
ex-1435,Barbell low bar squat,upper legs,glutes,quadriceps; hamstrings; calves,barbell,barbell,glutes,core; hamstrings; calves,barbell,total,,user_bar,squat,compound,none_expected,LOWER_BODY_COMPOUND_PRIMARY_GLUTES_ONLY
ex-0054,Barbell lunge,upper legs,glutes,quadriceps; hamstrings; calves,barbell,barbell,glutes,core; hamstrings; calves,barbell,total,,user_bar,lunge,compound,none_expected,LOWER_BODY_COMPOUND_PRIMARY_GLUTES_ONLY
ex-1720,Barbell lying back of the head tricep extension,upper arms,triceps,shoulders,barbell,barbell,triceps,core,barbell,total,,user_bar,elbow_extension,isolation,none_expected,
ex-0055,Barbell lying close-grip press,upper arms,triceps,chest; shoulders,barbell,barbell,triceps,core,barbell,total,,user_bar,other,unknown,none_expected,
ex-0056,Barbell lying close-grip triceps extension,upper arms,triceps,shoulders,barbell,barbell,triceps,core,barbell,total,,user_bar,elbow_extension,isolation,none_expected,
ex-0057,Barbell lying extension,upper arms,triceps,shoulders,barbell,barbell,triceps,core,barbell,total,,user_bar,elbow_extension,isolation,none_expected,
ex-0058,Barbell lying lifting (on hip),upper legs,glutes,hamstrings; quadriceps,barbell,barbell,glutes,hamstrings; core,barbell,total,,user_bar,other,unknown,none_expected,
ex-0059,Barbell lying preacher curl,upper arms,biceps,forearms,barbell,barbell,biceps,forearms,barbell,total,,user_bar,elbow_flexion,isolation,none_expected,
ex-0061,Barbell lying triceps extension,upper arms,triceps,shoulders,barbell,barbell,triceps,core,barbell,total,,user_bar,elbow_extension,isolation,none_expected,
ex-0060,Barbell lying triceps extension skull crusher,upper arms,triceps,shoulders,barbell,barbell,triceps,core,barbell,total,,user_bar,elbow_extension,isolation,none_expected,
ex-0063,Barbell narrow stance squat,upper legs,glutes,quadriceps; hamstrings; calves,barbell,barbell,glutes,core; hamstrings; calves,barbell,total,,user_bar,squat,compound,none_expected,LOWER_BODY_COMPOUND_PRIMARY_GLUTES_ONLY
ex-0064,Barbell one arm bent over row,back,upper back,biceps; forearms,barbell,barbell,back,biceps; forearms,barbell,total,,user_bar,row,compound,none_expected,
ex-0065,Barbell one arm floor press,upper arms,triceps,chest; shoulders,barbell,barbell,triceps,core,barbell,total,,user_bar,other,unknown,none_expected,
ex-0066,Barbell one arm side deadlift,upper legs,glutes,hamstrings; quadriceps; lower back,barbell,barbell,glutes,hamstrings; core,barbell,total,,user_bar,deadlift,compound,none_expected,
ex-0067,Barbell one arm snatch,shoulders,delts,traps; forearms; core,barbell,barbell,shoulders,core; forearms,barbell,total,,user_bar,other,unknown,none_expected,
ex-0068,Barbell one leg squat,upper legs,quads,glutes; hamstrings; calves,barbell,barbell,quadriceps,glutes; hamstrings; calves,barbell,total,,user_bar,squat,compound,none_expected,LOWER_BODY_COMPOUND_PRIMARY_QUADRICEPS_ONLY
ex-0069,Barbell overhead squat,upper legs,quads,glutes; hamstrings; calves; core,barbell,barbell,quadriceps,glutes; hamstrings; calves; core,barbell,total,,user_bar,squat,compound,none_expected,LOWER_BODY_COMPOUND_PRIMARY_QUADRICEPS_ONLY
ex-1411,Barbell palms down wrist curl over a bench,lower arms,forearms,biceps; brachialis,barbell,barbell,forearms,biceps; core,barbell,total,,user_bar,elbow_flexion,isolation,none_expected,
ex-1412,Barbell palms up wrist curl over a bench,lower arms,forearms,biceps; shoulders,barbell,barbell,forearms,biceps; core,barbell,total,,user_bar,elbow_flexion,isolation,none_expected,
ex-3017,Barbell pendlay row,back,upper back,biceps; forearms,barbell,barbell,back,biceps; forearms,barbell,total,,user_bar,row,compound,none_expected,
ex-1751,Barbell pin presses,upper arms,triceps,shoulders,barbell,barbell,triceps,core,barbell,total,,user_bar,other,unknown,none_expected,
ex-0070,Barbell preacher curl,upper arms,biceps,forearms,barbell,barbell,biceps,forearms,barbell,total,,user_bar,elbow_flexion,isolation,none_expected,
ex-0071,Barbell press sit-up,waist,abs,shoulders; chest,barbell,barbell,core,,barbell,total,,user_bar,core,unknown,none_expected,SECONDARY_DUPLICATES_PRIMARY
ex-0072,Barbell prone incline curl,upper arms,biceps,forearms,barbell,barbell,biceps,forearms,barbell,total,,user_bar,elbow_flexion,isolation,none_expected,
ex-0073,Barbell pullover,back,lats,chest; triceps,barbell,barbell,back,core; triceps,barbell,total,,user_bar,other,isolation,none_expected,
ex-0022,Barbell pullover to press,back,lats,triceps; chest; shoulders,barbell,barbell,back,triceps; core,barbell,total,,user_bar,other,isolation,none_expected,
ex-0074,Barbell rack pull,upper legs,glutes,hamstrings; lower back,barbell,barbell,glutes,hamstrings; core,barbell,total,,user_bar,other,unknown,none_expected,
ex-0075,Barbell rear delt raise,shoulders,delts,traps; rhomboids,barbell,barbell,shoulders,core,barbell,total,,user_bar,rear_delt,isolation,none_expected,
ex-0076,Barbell rear delt row,shoulders,delts,trapezius; rhomboids; biceps,barbell,barbell,shoulders,core; biceps,barbell,total,,user_bar,row,compound,none_expected,
ex-0078,Barbell rear lunge,upper legs,glutes,quadriceps; hamstrings; calves,barbell,barbell,glutes,core; hamstrings; calves,barbell,total,,user_bar,lunge,compound,none_expected,LOWER_BODY_COMPOUND_PRIMARY_GLUTES_ONLY
ex-0077,Barbell rear lunge v. 2,upper legs,glutes,quadriceps; hamstrings; calves,barbell,barbell,glutes,core; hamstrings; calves,barbell,total,,user_bar,lunge,compound,none_expected,LOWER_BODY_COMPOUND_PRIMARY_GLUTES_ONLY
ex-0079,Barbell revers wrist curl v. 2,lower arms,forearms,biceps; brachialis,barbell,barbell,forearms,biceps; core,barbell,total,,user_bar,elbow_flexion,isolation,none_expected,
ex-2187,Barbell reverse close-grip bench press,upper arms,triceps,chest; shoulders,barbell,barbell,triceps,core,barbell,total,,user_bar,bench_press,compound,none_expected,COMPOUND_SINGLE_MUSCLE_METADATA
ex-0080,Barbell reverse curl,upper arms,biceps,forearms,barbell,barbell,biceps,forearms,barbell,total,,user_bar,elbow_flexion,isolation,none_expected,
ex-0118,Barbell reverse grip bent over row,back,upper back,biceps; forearms,barbell,barbell,back,biceps; forearms,barbell,total,,user_bar,row,compound,none_expected,
ex-1256,Barbell reverse grip decline bench press,chest,pectorals,triceps; shoulders,barbell,barbell,chest,triceps; core,barbell,total,,user_bar,decline_press,compound,none_expected,
ex-1257,Barbell reverse grip incline bench press,chest,pectorals,triceps; shoulders,barbell,barbell,chest,triceps; core,barbell,total,,user_bar,incline_press,compound,none_expected,
ex-1317,Barbell reverse grip incline bench row,back,upper back,biceps; forearms,barbell,barbell,back,biceps; forearms,barbell,total,,user_bar,row,compound,none_expected,
ex-1721,Barbell reverse grip skullcrusher,upper arms,triceps,forearms,barbell,barbell,triceps,forearms,barbell,total,,user_bar,elbow_extension,isolation,none_expected,
ex-0081,Barbell reverse preacher curl,upper arms,biceps,forearms,barbell,barbell,biceps,forearms,barbell,total,,user_bar,elbow_flexion,isolation,none_expected,
ex-0082,Barbell reverse wrist curl,lower arms,forearms,biceps; brachialis,barbell,barbell,forearms,biceps; core,barbell,total,,user_bar,elbow_flexion,isolation,none_expected,
ex-0084,Barbell rollerout,waist,abs,lower back,barbell,barbell,core,,barbell,total,,user_bar,core,unknown,none_expected,SECONDARY_DUPLICATES_PRIMARY
ex-0083,Barbell rollerout from bench,waist,abs,shoulders; triceps,barbell,barbell,core,triceps,barbell,total,,user_bar,core,unknown,none_expected,SECONDARY_DUPLICATES_PRIMARY
ex-0085,Barbell romanian deadlift,upper legs,glutes,hamstrings; lower back,barbell,barbell,glutes,hamstrings; core,barbell,total,,user_bar,romanian_deadlift,compound,none_expected,
ex-0086,Barbell seated behind head military press,shoulders,delts,triceps; upper back,barbell,barbell,shoulders,triceps; back,barbell,total,,user_bar,vertical_press,compound,none_expected,
ex-0087,Barbell seated bradford rocky press,shoulders,delts,triceps; upper back,barbell,barbell,shoulders,triceps; back,barbell,total,,user_bar,other,unknown,none_expected,
ex-0088,Barbell seated calf raise,lower legs,calves,hamstrings; quadriceps,barbell,barbell,calves,hamstrings; core,barbell,total,,user_bar,calf_raise,isolation,none_expected,
ex-1371,Barbell seated calf raise,lower legs,calves,hamstrings,barbell,barbell,calves,hamstrings,barbell,total,,user_bar,calf_raise,isolation,none_expected,
ex-1718,Barbell seated close grip behind neck triceps extension,upper arms,triceps,shoulders,barbell,barbell,triceps,core,barbell,total,,user_bar,elbow_extension,isolation,none_expected,
ex-0089,Barbell seated close-grip concentration curl,upper arms,biceps,forearms,barbell,barbell,biceps,forearms,barbell,total,,user_bar,elbow_flexion,isolation,none_expected,
ex-0090,Barbell seated good morning,upper legs,glutes,hamstrings; lower back,barbell,barbell,glutes,hamstrings; core,barbell,total,,user_bar,other,unknown,none_expected,
ex-0091,Barbell seated overhead press,shoulders,delts,triceps; upper back,barbell,barbell,shoulders,triceps; back,barbell,total,,user_bar,vertical_press,compound,none_expected,
ex-0092,Barbell seated overhead triceps extension,upper arms,triceps,shoulders,barbell,barbell,triceps,core,barbell,total,,user_bar,elbow_extension,isolation,none_expected,
ex-0094,Barbell seated twist,waist,abs,obliques; lower back,barbell,barbell,core,,barbell,total,,user_bar,core,unknown,none_expected,SECONDARY_DUPLICATES_PRIMARY
ex-0095,Barbell shrug,back,traps,shoulders,barbell,barbell,back,core,barbell,total,,user_bar,other,isolation,none_expected,UNMAPPED_TARGET
ex-0096,Barbell side bent v. 2,waist,abs,obliques; lower back,barbell,barbell,core,,barbell,total,,user_bar,core,unknown,none_expected,SECONDARY_DUPLICATES_PRIMARY
ex-0098,Barbell side split squat,upper legs,quads,glutes; hamstrings; calves,barbell,barbell,quadriceps,glutes; hamstrings; calves,barbell,total,,user_bar,split_squat,compound,none_expected,LOWER_BODY_COMPOUND_PRIMARY_QUADRICEPS_ONLY
ex-0097,Barbell side split squat v. 2,upper legs,quads,glutes; hamstrings; calves,barbell,barbell,quadriceps,glutes; hamstrings; calves,barbell,total,,user_bar,split_squat,compound,none_expected,LOWER_BODY_COMPOUND_PRIMARY_QUADRICEPS_ONLY
ex-1756,Barbell single leg deadlift,upper legs,glutes,hamstrings; lower back,barbell,barbell,glutes,hamstrings; core,barbell,total,,user_bar,deadlift,compound,none_expected,
ex-0099,Barbell single leg split squat,upper legs,quads,glutes; hamstrings; calves,barbell,barbell,quadriceps,glutes; hamstrings; calves,barbell,total,,user_bar,split_squat,compound,none_expected,LOWER_BODY_COMPOUND_PRIMARY_QUADRICEPS_ONLY
ex-2799,Barbell sitted alternate leg raise,waist,abs,hip flexors,barbell,barbell,core,,barbell,total,,user_bar,core,isolation,none_expected,SECONDARY_DUPLICATES_PRIMARY
ex-2800,Barbell sitted alternate leg raise (female),waist,abs,hip flexors; quadriceps,barbell,barbell,core,,barbell,total,,user_bar,core,isolation,none_expected,SECONDARY_DUPLICATES_PRIMARY
ex-0100,Barbell skier,shoulders,delts,triceps; core,barbell,barbell,shoulders,triceps; core,barbell,total,,user_bar,other,unknown,none_expected,
ex-0101,Barbell speed squat,upper legs,glutes,quadriceps; hamstrings; calves,barbell,barbell,glutes,core; hamstrings; calves,barbell,total,,user_bar,squat,compound,none_expected,LOWER_BODY_COMPOUND_PRIMARY_GLUTES_ONLY
ex-2810,Barbell split squat v. 2,upper legs,quads,glutes; hamstrings; calves,barbell,barbell,quadriceps,glutes; hamstrings; calves,barbell,total,,user_bar,split_squat,compound,none_expected,LOWER_BODY_COMPOUND_PRIMARY_QUADRICEPS_ONLY
ex-0102,Barbell squat (on knees),upper legs,quads,glutes; hamstrings; calves,barbell,barbell,quadriceps,glutes; hamstrings; calves,barbell,total,,user_bar,squat,compound,none_expected,LOWER_BODY_COMPOUND_PRIMARY_QUADRICEPS_ONLY
ex-2798,Barbell squat jump step rear lunge,upper legs,quads,glutes; hamstrings; calves,barbell,barbell,quadriceps,glutes; hamstrings; calves,barbell,total,,user_bar,lunge,compound,none_expected,LOWER_BODY_COMPOUND_PRIMARY_QUADRICEPS_ONLY
ex-0103,Barbell standing ab rollerout,waist,abs,shoulders; lower back,barbell,barbell,core,,barbell,total,,user_bar,core,unknown,none_expected,SECONDARY_DUPLICATES_PRIMARY
ex-0104,Barbell standing back wrist curl,lower arms,forearms,biceps; shoulders,barbell,barbell,forearms,biceps; core,barbell,total,,user_bar,elbow_flexion,isolation,none_expected,
ex-0105,Barbell standing bradford press,shoulders,delts,triceps; upper back,barbell,barbell,shoulders,triceps; back,barbell,total,,user_bar,other,unknown,none_expected,
ex-1372,Barbell standing calf raise,lower legs,calves,hamstrings; glutes,barbell,barbell,calves,hamstrings; glutes,barbell,total,,user_bar,calf_raise,isolation,none_expected,
ex-0106,Barbell standing close grip curl,upper arms,biceps,forearms,barbell,barbell,biceps,forearms,barbell,total,,user_bar,elbow_flexion,isolation,none_expected,
ex-1456,Barbell standing close grip military press,shoulders,delts,triceps; upper back,barbell,barbell,shoulders,triceps; back,barbell,total,,user_bar,vertical_press,compound,none_expected,
ex-2414,Barbell standing concentration curl,upper arms,biceps,forearms,barbell,barbell,biceps,forearms,barbell,total,,user_bar,elbow_flexion,isolation,none_expected,
ex-0107,Barbell standing front raise over head,shoulders,delts,triceps; upper back,barbell,barbell,shoulders,triceps; back,barbell,total,,user_bar,front_raise,isolation,none_expected,
ex-0108,Barbell standing leg calf raise,lower legs,calves,hamstrings; glutes,barbell,barbell,calves,hamstrings; glutes,barbell,total,,user_bar,calf_raise,isolation,none_expected,
ex-0109,Barbell standing overhead triceps extension,upper arms,triceps,shoulders,barbell,barbell,triceps,core,barbell,total,,user_bar,elbow_extension,isolation,none_expected,
ex-0110,Barbell standing reverse grip curl,upper arms,biceps,forearms,barbell,barbell,biceps,forearms,barbell,total,,user_bar,elbow_flexion,isolation,none_expected,
ex-0111,Barbell standing rocking leg calf raise,lower legs,calves,hamstrings; quadriceps,barbell,barbell,calves,hamstrings; core,barbell,total,,user_bar,calf_raise,isolation,none_expected,
ex-0112,Barbell standing twist,waist,abs,obliques; lower back,barbell,barbell,core,,barbell,total,,user_bar,core,unknown,none_expected,SECONDARY_DUPLICATES_PRIMARY
ex-1629,Barbell standing wide grip biceps curl,upper arms,biceps,forearms,barbell,barbell,biceps,forearms,barbell,total,,user_bar,elbow_flexion,isolation,none_expected,
ex-1457,Barbell standing wide military press,shoulders,delts,triceps; upper back,barbell,barbell,shoulders,triceps; back,barbell,total,,user_bar,vertical_press,compound,none_expected,
ex-0113,Barbell standing wide-grip curl,upper arms,biceps,forearms; shoulders,barbell,barbell,biceps,forearms; core,barbell,total,,user_bar,elbow_flexion,isolation,none_expected,
ex-0114,Barbell step-up,upper legs,glutes,quadriceps; hamstrings; calves,barbell,barbell,glutes,core; hamstrings; calves,barbell,total,,user_bar,step_up,compound,none_expected,LOWER_BODY_COMPOUND_PRIMARY_GLUTES_ONLY
ex-0115,Barbell stiff leg good morning,upper legs,glutes,hamstrings; lower back,barbell,barbell,glutes,hamstrings; core,barbell,total,,user_bar,other,unknown,none_expected,
ex-0116,Barbell straight leg deadlift,upper legs,hamstrings,glutes; lower back,barbell,barbell,hamstrings,glutes; core,barbell,total,,user_bar,romanian_deadlift,compound,none_expected,
ex-0117,Barbell sumo deadlift,upper legs,glutes,hamstrings; quadriceps; lower back,barbell,barbell,glutes,hamstrings; core,barbell,total,,user_bar,deadlift,compound,none_expected,
ex-3305,Barbell thruster,shoulders,delts,quadriceps; glutes; hamstrings; core,barbell,barbell,shoulders,core; glutes; hamstrings,barbell,total,,user_bar,other,unknown,none_expected,
ex-0120,Barbell upright row,shoulders,delts,traps; biceps,barbell,barbell,shoulders,core; biceps,barbell,total,,user_bar,row,compound,none_expected,
ex-0119,Barbell upright row v. 2,shoulders,delts,traps; biceps,barbell,barbell,shoulders,core; biceps,barbell,total,,user_bar,row,compound,none_expected,
ex-0121,Barbell upright row v. 3,shoulders,delts,traps; biceps,barbell,barbell,shoulders,core; biceps,barbell,total,,user_bar,row,compound,none_expected,
ex-0122,Barbell wide bench press,chest,pectorals,shoulders; triceps,barbell,barbell,chest,core; triceps,barbell,total,,user_bar,bench_press,compound,none_expected,
ex-1258,Barbell wide reverse grip bench press,chest,pectorals,triceps; shoulders,barbell,barbell,chest,triceps; core,barbell,total,,user_bar,bench_press,compound,none_expected,
ex-0124,Barbell wide squat,upper legs,quads,glutes; hamstrings; calves,barbell,barbell,quadriceps,glutes; hamstrings; calves,barbell,total,,user_bar,squat,compound,none_expected,LOWER_BODY_COMPOUND_PRIMARY_QUADRICEPS_ONLY
ex-0123,Barbell wide-grip upright row,shoulders,delts,traps; biceps,barbell,barbell,shoulders,core; biceps,barbell,total,,user_bar,row,compound,none_expected,
ex-0126,Barbell wrist curl,lower arms,forearms,biceps; brachialis,barbell,barbell,forearms,biceps; core,barbell,total,,user_bar,elbow_flexion,isolation,none_expected,
ex-0125,Barbell wrist curl v. 2,lower arms,forearms,biceps; brachialis,barbell,barbell,forearms,biceps; core,barbell,total,,user_bar,elbow_flexion,isolation,none_expected,
ex-0127,Barbell zercher squat,upper legs,glutes,quadriceps; hamstrings; calves; core,barbell,barbell,glutes,core; hamstrings; calves,barbell,total,,user_bar,squat,compound,none_expected,LOWER_BODY_COMPOUND_PRIMARY_GLUTES_ONLY
ex-3212,Basic toe touch (male),upper legs,glutes,hamstrings; calves,body weight,bodyweight,glutes,hamstrings; calves,bodyweight,added_weight,,none,other,unknown,none_expected,
ex-0128,Battling ropes,shoulders,delts,forearms; core,rope,other,shoulders,forearms; core,other,total,,none,other,unknown,none_expected,UNMAPPED_EQUIPMENT
ex-3360,Bear crawl,cardio,cardiovascular system,core; shoulders; triceps,body weight,bodyweight,core,triceps,bodyweight,added_weight,,none,other,unknown,none_expected,UNMAPPED_TARGET; TARGET_FALLBACK_TO_CORE; SECONDARY_DUPLICATES_PRIMARY
ex-1259,Behind head chest stretch,chest,pectorals,shoulders; triceps,assisted,bodyweight,chest,core; triceps,bodyweight,added_weight,,none,other,unknown,none_expected,ASSISTED_METADATA_INCONSISTENT
ex-0129,Bench dip (knees bent),upper arms,triceps,chest; shoulders,body weight,bodyweight,triceps,core,bodyweight,added_weight,,none,elbow_extension,compound,none_expected,COMPOUND_SINGLE_MUSCLE_METADATA
ex-1399,Bench dip on floor,upper arms,triceps,chest; shoulders,body weight,bodyweight,triceps,core,bodyweight,added_weight,,none,elbow_extension,compound,none_expected,COMPOUND_SINGLE_MUSCLE_METADATA
ex-0130,Bench hip extension,upper legs,glutes,hamstrings,body weight,bodyweight,glutes,hamstrings,bodyweight,added_weight,,none,elbow_extension,isolation,none_expected,
ex-3019,Bench pull-ups,back,lats,biceps; forearms,body weight,bodyweight,back,biceps; forearms,bodyweight,added_weight,1,none,pull_up,compound,none_expected,
ex-3639,Bent knee lying twist (male),upper legs,glutes,obliques; hip flexors,body weight,bodyweight,glutes,core,bodyweight,added_weight,,none,other,unknown,none_expected,
ex-1770,Biceps leg concentration curl,upper arms,biceps,forearms,body weight,bodyweight,biceps,forearms,bodyweight,added_weight,,none,elbow_flexion,isolation,none_expected,
ex-0139,Biceps narrow pull-ups,upper arms,biceps,forearms; shoulders,body weight,bodyweight,biceps,forearms; core,bodyweight,added_weight,1,none,pull_up,compound,none_expected,
ex-0140,Biceps pull-up,upper arms,biceps,forearms; shoulders,body weight,bodyweight,biceps,forearms; core,bodyweight,added_weight,1,none,pull_up,compound,none_expected,
ex-0137,Body-up,upper arms,triceps,chest; shoulders,body weight,bodyweight,triceps,core,bodyweight,added_weight,,none,other,unknown,none_expected,
ex-3543,Bodyweight drop jump squat,upper legs,glutes,quadriceps; hamstrings; calves,body weight,bodyweight,glutes,core; hamstrings; calves,bodyweight,added_weight,,none,squat,compound,none_expected,LOWER_BODY_COMPOUND_PRIMARY_GLUTES_ONLY
ex-3544,Bodyweight incline side plank,waist,abs,obliques; shoulders,body weight,bodyweight,core,,bodyweight,added_weight,,none,core,unknown,none_expected,SECONDARY_DUPLICATES_PRIMARY
ex-1771,Bodyweight kneeling triceps extension,upper arms,triceps,shoulders; chest,body weight,bodyweight,triceps,core,bodyweight,added_weight,,none,elbow_extension,isolation,none_expected,
ex-1769,Bodyweight side lying biceps curl,upper arms,biceps,forearms,body weight,bodyweight,biceps,forearms,bodyweight,added_weight,,none,elbow_flexion,isolation,none_expected,
ex-3168,Bodyweight squatting row,back,upper back,biceps; shoulders,body weight,bodyweight,back,biceps; core,bodyweight,added_weight,,none,row,compound,none_expected,
ex-3167,Bodyweight squatting row (with towel),back,upper back,biceps; shoulders,body weight,bodyweight,back,biceps; core,bodyweight,added_weight,,none,row,compound,none_expected,
ex-1373,Bodyweight standing calf raise,lower legs,calves,ankles; feet,body weight,bodyweight,calves,core,bodyweight,added_weight,,none,calf_raise,isolation,none_expected,
ex-3156,Bodyweight standing close-grip one arm row,back,upper back,biceps; forearms,body weight,bodyweight,back,biceps; forearms,bodyweight,added_weight,,none,row,compound,none_expected,
ex-3158,Bodyweight standing close-grip row,back,upper back,biceps; forearms,body weight,bodyweight,back,biceps; forearms,bodyweight,added_weight,,none,row,compound,none_expected,
ex-3162,Bodyweight standing one arm row,back,upper back,biceps; forearms,body weight,bodyweight,back,biceps; forearms,bodyweight,added_weight,,none,row,compound,none_expected,
ex-3161,Bodyweight standing one arm row (with towel),back,upper back,biceps; forearms,body weight,bodyweight,back,biceps; forearms,bodyweight,added_weight,,none,row,compound,none_expected,
ex-3166,Bodyweight standing row,back,upper back,biceps; shoulders,body weight,bodyweight,back,biceps; core,bodyweight,added_weight,,none,row,compound,none_expected,
ex-3165,Bodyweight standing row (with towel),back,upper back,biceps; shoulders,body weight,bodyweight,back,biceps; core,bodyweight,added_weight,,none,row,compound,none_expected,
ex-0138,Bottoms-up,waist,abs,obliques; hip flexors,body weight,bodyweight,core,,bodyweight,added_weight,,none,core,unknown,none_expected,SECONDARY_DUPLICATES_PRIMARY
ex-1374,Box jump down with one leg stabilization,lower legs,calves,quadriceps; hamstrings; glutes,body weight,bodyweight,calves,core; hamstrings; glutes,bodyweight,added_weight,,none,calf_raise,isolation,none_expected,
ex-2466,Bridge - mountain climber (cross body),waist,abs,glutes; quadriceps; hamstrings; shoulders; triceps,body weight,bodyweight,core,glutes; hamstrings; triceps,bodyweight,added_weight,,none,core,unknown,none_expected,SECONDARY_DUPLICATES_PRIMARY
ex-1160,Burpee,cardio,cardiovascular system,quadriceps; hamstrings; calves; shoulders; chest,body weight,bodyweight,core,hamstrings; calves,bodyweight,added_weight,,none,other,unknown,none_expected,UNMAPPED_TARGET; TARGET_FALLBACK_TO_CORE; SECONDARY_DUPLICATES_PRIMARY
ex-0870,Butt-ups,waist,abs,hip flexors; lower back,body weight,bodyweight,core,,bodyweight,added_weight,,none,core,unknown,none_expected,SECONDARY_DUPLICATES_PRIMARY
ex-1494,Butterfly yoga pose,upper legs,adductors,hamstrings; groin,body weight,bodyweight,quadriceps,hamstrings; core,bodyweight,added_weight,,none,other,unknown,none_expected,UNMAPPED_TARGET
ex-0148,Cable alternate shoulder press,shoulders,delts,triceps; upper back,cable,cable,shoulders,triceps; back,cable,per_side,,none,vertical_press,compound,none_expected,
ex-0149,Cable alternate triceps extension,upper arms,triceps,shoulders,cable,cable,triceps,core,cable,per_side,,none,elbow_extension,isolation,none_expected,
ex-3235,Cable assisted inverse leg curl,upper legs,hamstrings,glutes; calves,cable,cable,hamstrings,glutes; calves,cable,total,,none,knee_flexion,isolation,none_expected,ASSISTED_METADATA_INCONSISTENT
ex-0150,Cable bar lateral pulldown,back,lats,biceps; rhomboids; rear deltoids,cable,cable,back,biceps; core,cable,total,,none,pulldown,compound,none_expected,
ex-0151,Cable bench press,chest,pectorals,triceps; shoulders,cable,cable,chest,triceps; core,cable,total,,none,bench_press,compound,none_expected,
ex-1630,Cable close grip curl,upper arms,biceps,forearms,cable,cable,biceps,forearms,cable,total,,none,elbow_flexion,isolation,none_expected,
ex-1631,Cable concentration curl,upper arms,biceps,forearms,cable,cable,biceps,forearms,cable,per_side,,none,elbow_flexion,isolation,none_expected,
ex-0152,Cable concentration extension (on knee),upper arms,triceps,forearms,cable,cable,triceps,forearms,cable,per_side,,none,elbow_extension,isolation,none_expected,
ex-0153,Cable cross-over lateral pulldown,back,lats,biceps; rhomboids; rear deltoids,cable,cable,back,biceps; core,cable,total,,none,pulldown,compound,none_expected,
ex-0154,Cable cross-over revers fly,shoulders,delts,rhomboids; trapezius,cable,cable,shoulders,core,cable,total,,none,fly,isolation,none_expected,
ex-0155,Cable cross-over variation,chest,pectorals,deltoids; triceps,cable,cable,chest,core; triceps,cable,total,,none,other,unknown,none_expected,
ex-0868,Cable curl,upper arms,biceps,forearms,cable,cable,biceps,forearms,cable,total,,none,elbow_flexion,isolation,none_expected,
ex-0157,Cable deadlift,upper legs,glutes,hamstrings; quadriceps; lower back,cable,cable,glutes,hamstrings; core,cable,total,,none,deadlift,compound,none_expected,
ex-0158,Cable decline fly,chest,pectorals,shoulders; triceps,cable,cable,chest,core; triceps,cable,total,,none,fly,isolation,none_expected,
ex-1260,Cable decline one arm press,chest,pectorals,triceps; shoulders,cable,cable,chest,triceps; core,cable,per_side,,none,bench_press,compound,none_expected,
ex-1261,Cable decline press,chest,pectorals,triceps; shoulders,cable,cable,chest,triceps; core,cable,total,,none,decline_press,compound,none_expected,
ex-0159,Cable decline seated wide-grip row,back,upper back,biceps; forearms,cable,cable,back,biceps; forearms,cable,total,,none,row,compound,none_expected,
ex-1632,Cable drag curl,upper arms,biceps,forearms,cable,cable,biceps,forearms,cable,total,,none,elbow_flexion,isolation,none_expected,
ex-0160,Cable floor seated wide-grip row,back,upper back,biceps; forearms,cable,cable,back,biceps; forearms,cable,total,,none,row,compound,none_expected,
ex-0161,Cable forward raise,shoulders,delts,triceps; forearms,cable,cable,shoulders,triceps; forearms,cable,total,,none,other,isolation,none_expected,
ex-0162,Cable front raise,shoulders,delts,triceps; forearms,cable,cable,shoulders,triceps; forearms,cable,total,,none,front_raise,isolation,none_expected,
ex-0164,Cable front shoulder raise,shoulders,delts,trapezius; biceps,cable,cable,shoulders,core; biceps,cable,total,,none,other,isolation,none_expected,
ex-0165,Cable hammer curl (with rope),upper arms,biceps,forearms,cable,cable,biceps,forearms,cable,total,,none,elbow_flexion,isolation,none_expected,
ex-1722,Cable high pulley overhead tricep extension,upper arms,triceps,shoulders,cable,cable,triceps,core,cable,total,,none,elbow_extension,isolation,none_expected,
ex-0167,Cable high row (kneeling),back,upper back,biceps; shoulders,cable,cable,back,biceps; core,cable,total,,none,row,compound,none_expected,
ex-0168,Cable hip adduction,upper legs,adductors,glutes; quadriceps,cable,cable,quadriceps,glutes; core,cable,total,,none,other,unknown,none_expected,UNMAPPED_TARGET
ex-0169,Cable incline bench press,chest,pectorals,deltoids; triceps,cable,cable,chest,core; triceps,cable,total,,none,incline_press,compound,none_expected,
ex-1318,Cable incline bench row,back,upper back,biceps; rear deltoids,cable,cable,back,biceps; core,cable,total,,none,row,compound,none_expected,
ex-0171,Cable incline fly,chest,pectorals,deltoids; triceps,cable,cable,chest,core; triceps,cable,total,,none,fly,isolation,none_expected,
ex-0170,Cable incline fly (on stability ball),chest,pectorals,deltoids; triceps,cable,cable,chest,core; triceps,cable,total,,none,fly,isolation,none_expected,
ex-0172,Cable incline pushdown,back,lats,triceps; shoulders,cable,cable,back,triceps; core,cable,total,,none,elbow_extension,isolation,none_expected,
ex-0173,Cable incline triceps extension,upper arms,triceps,shoulders,cable,cable,triceps,core,cable,total,,none,elbow_extension,isolation,none_expected,
ex-0174,Cable judo flip,waist,abs,obliques; shoulders,cable,cable,core,,cable,total,,none,core,unknown,none_expected,SECONDARY_DUPLICATES_PRIMARY
ex-0860,Cable kickback,upper arms,triceps,shoulders,cable,cable,triceps,core,cable,per_side,,none,elbow_extension,isolation,none_expected,
ex-0175,Cable kneeling crunch,waist,abs,obliques,cable,cable,core,,cable,total,,none,core,unknown,none_expected,SECONDARY_DUPLICATES_PRIMARY
ex-3697,Cable kneeling rear delt row (with rope) (male),shoulders,delts,trapezius; rhomboids; biceps,cable,cable,shoulders,core; biceps,cable,total,,none,row,compound,none_expected,
ex-0176,Cable kneeling triceps extension,upper arms,triceps,shoulders,cable,cable,triceps,core,cable,total,,none,elbow_extension,isolation,none_expected,
ex-2330,Cable lat pulldown full range of motion,back,lats,biceps; rhomboids; rear deltoids,cable,cable,back,biceps; core,cable,total,,none,pulldown,compound,none_expected,
ex-0177,Cable lateral pulldown (with rope attachment),back,lats,biceps; forearms,cable,cable,back,biceps; forearms,cable,total,,none,pulldown,compound,none_expected,
ex-2616,Cable lateral pulldown with v-bar,back,lats,biceps; forearms,cable,cable,back,biceps; forearms,cable,total,,none,pulldown,compound,none_expected,
ex-0178,Cable lateral raise,shoulders,delts,traps; triceps,cable,cable,shoulders,core; triceps,cable,total,,none,lateral_raise,isolation,none_expected,
ex-0179,Cable low fly,chest,pectorals,deltoids; triceps,cable,cable,chest,core; triceps,cable,total,,none,fly,isolation,none_expected,
ex-0180,Cable low seated row,back,upper back,biceps; forearms,cable,cable,back,biceps; forearms,cable,total,,none,row,compound,none_expected,
ex-1634,Cable lying bicep curl,upper arms,biceps,forearms,cable,cable,biceps,forearms,cable,total,,none,elbow_flexion,isolation,none_expected,
ex-0182,Cable lying close-grip curl,upper arms,biceps,forearms,cable,cable,biceps,forearms,cable,total,,none,elbow_flexion,isolation,none_expected,
ex-0184,Cable lying extension pullover (with rope attachment),back,lats,triceps; shoulders,cable,cable,back,triceps; core,cable,total,,none,elbow_extension,isolation,none_expected,
ex-0185,Cable lying fly,chest,pectorals,deltoids; triceps,cable,cable,chest,core; triceps,cable,total,,none,fly,isolation,none_expected,
ex-0186,Cable lying triceps extension v. 2,upper arms,triceps,shoulders,cable,cable,triceps,core,cable,total,,none,elbow_extension,isolation,none_expected,
ex-0188,Cable middle fly,chest,pectorals,deltoids; triceps,cable,cable,chest,core; triceps,cable,total,,none,fly,isolation,none_expected,
ex-0189,Cable one arm bent over row,back,upper back,biceps; forearms,cable,cable,back,biceps; forearms,cable,per_side,,none,row,compound,none_expected,
ex-0190,Cable one arm curl,upper arms,biceps,forearms,cable,cable,biceps,forearms,cable,per_side,,none,elbow_flexion,isolation,none_expected,
ex-1262,Cable one arm decline chest fly,chest,pectorals,shoulders; triceps,cable,cable,chest,core; triceps,cable,per_side,,none,fly,isolation,none_expected,
ex-1263,Cable one arm fly on exercise ball,chest,pectorals,deltoids; triceps,cable,cable,chest,core; triceps,cable,per_side,,none,fly,isolation,none_expected,
ex-1264,Cable one arm incline fly on exercise ball,chest,pectorals,deltoids; triceps,cable,cable,chest,core; triceps,cable,per_side,,none,fly,isolation,none_expected,
ex-1265,Cable one arm incline press,chest,pectorals,deltoids; triceps,cable,cable,chest,core; triceps,cable,per_side,,none,incline_press,compound,none_expected,
ex-1266,Cable one arm incline press on exercise ball,chest,pectorals,shoulders; triceps,cable,cable,chest,core; triceps,cable,per_side,,none,incline_press,compound,none_expected,
ex-0191,Cable one arm lateral bent-over,chest,pectorals,deltoids; trapezius,cable,cable,chest,core,cable,per_side,,none,other,unknown,none_expected,
ex-0192,Cable one arm lateral raise,shoulders,delts,traps; triceps,cable,cable,shoulders,core; triceps,cable,per_side,,none,lateral_raise,isolation,none_expected,
ex-1633,Cable one arm preacher curl,upper arms,biceps,forearms,cable,cable,biceps,forearms,cable,per_side,,none,elbow_flexion,isolation,none_expected,
ex-1267,Cable one arm press on exercise ball,chest,pectorals,shoulders; triceps,cable,cable,chest,core; triceps,cable,per_side,,none,bench_press,compound,none_expected,
ex-3563,Cable one arm pulldown,back,lats,biceps; forearms,cable,cable,back,biceps; forearms,cable,per_side,,none,pulldown,compound,none_expected,
ex-1635,Cable one arm reverse preacher curl,upper arms,biceps,forearms,cable,cable,biceps,forearms,cable,per_side,,none,elbow_flexion,isolation,none_expected,
ex-0193,Cable one arm straight back high row (kneeling),back,upper back,biceps; shoulders,cable,cable,back,biceps; core,cable,per_side,,none,row,compound,none_expected,
ex-1723,Cable one arm tricep pushdown,upper arms,triceps,forearms,cable,cable,triceps,forearms,cable,per_side,,none,elbow_extension,isolation,none_expected,
ex-1636,Cable overhead curl,upper arms,biceps,forearms; shoulders,cable,cable,biceps,forearms; core,cable,total,,none,elbow_flexion,isolation,none_expected,
ex-1637,Cable overhead curl on exercise ball,upper arms,biceps,forearms; shoulders,cable,cable,biceps,forearms; core,cable,total,,none,elbow_flexion,isolation,none_expected,
ex-0194,Cable overhead triceps extension (rope attachment),upper arms,triceps,shoulders,cable,cable,triceps,core,cable,total,,none,elbow_extension,isolation,none_expected,
ex-1319,Cable palm rotational row,back,upper back,biceps; forearms,cable,cable,back,biceps; forearms,cable,total,,none,row,compound,none_expected,
ex-0195,Cable preacher curl,upper arms,biceps,forearms,cable,cable,biceps,forearms,cable,total,,none,elbow_flexion,isolation,none_expected,
ex-1268,Cable press on exercise ball,chest,pectorals,shoulders; triceps,cable,cable,chest,core; triceps,cable,total,,none,bench_press,compound,none_expected,
ex-0196,Cable pull through (with rope),upper legs,glutes,hamstrings; lower back,cable,cable,glutes,hamstrings; core,cable,total,,none,other,unknown,none_expected,
ex-0198,Cable pulldown,back,lats,biceps; forearms,cable,cable,back,biceps; forearms,cable,total,,none,pulldown,compound,none_expected,
ex-0197,Cable pulldown (pro lat bar),back,lats,biceps; forearms,cable,cable,back,biceps; forearms,cable,total,,none,pulldown,compound,none_expected,
ex-1638,Cable pulldown bicep curl,upper arms,biceps,forearms,cable,cable,biceps,forearms,cable,total,,none,pulldown,compound,none_expected,
ex-0201,Cable pushdown,upper arms,triceps,forearms,cable,cable,triceps,forearms,cable,total,,none,elbow_extension,isolation,none_expected,
ex-0199,Cable pushdown (straight arm) v. 2,back,lats,triceps; shoulders,cable,cable,back,triceps; core,cable,total,,none,elbow_extension,isolation,none_expected,
ex-0200,Cable pushdown (with rope attachment),upper arms,triceps,forearms,cable,cable,triceps,forearms,cable,total,,none,elbow_extension,isolation,none_expected,
ex-0202,Cable rear delt row (stirrups),shoulders,delts,trapezius; rhomboids; biceps,cable,cable,shoulders,core; biceps,cable,per_side,,none,row,compound,none_expected,
ex-0203,Cable rear delt row (with rope),shoulders,delts,trapezius; rhomboids; biceps,cable,cable,shoulders,core; biceps,cable,total,,none,row,compound,none_expected,
ex-0204,Cable rear drive,upper arms,triceps,shoulders; back,cable,cable,triceps,core,cable,total,,none,other,unknown,none_expected,
ex-0205,Cable rear pulldown,back,lats,biceps; rhomboids; rear deltoids,cable,cable,back,biceps; core,cable,total,,none,pulldown,compound,none_expected,
ex-0873,Cable reverse crunch,waist,abs,hip flexors,cable,cable,core,,cable,total,,none,core,unknown,none_expected,SECONDARY_DUPLICATES_PRIMARY
ex-0206,Cable reverse curl,upper arms,biceps,forearms,cable,cable,biceps,forearms,cable,total,,none,elbow_flexion,isolation,none_expected,
ex-2406,Cable reverse grip triceps pushdown (sz-bar) (with arm blaster),upper arms,triceps,forearms,cable,cable,triceps,forearms,cable,total,,none,elbow_extension,isolation,none_expected,
ex-1413,Cable reverse one arm curl,upper arms,biceps,forearms,cable,cable,biceps,forearms,cable,per_side,,none,elbow_flexion,isolation,none_expected,
ex-0209,Cable reverse preacher curl,upper arms,biceps,forearms,cable,cable,biceps,forearms,cable,total,,none,elbow_flexion,isolation,none_expected,
ex-0210,Cable reverse wrist curl,lower arms,forearms,forearms; wrists,cable,cable,forearms,core,cable,total,,none,elbow_flexion,isolation,none_expected,SECONDARY_DUPLICATES_PRIMARY
ex-0207,Cable reverse-grip pushdown,upper arms,triceps,forearms,cable,cable,triceps,forearms,cable,total,,none,elbow_extension,isolation,none_expected,
ex-0208,Cable reverse-grip straight back seated high row,back,upper back,biceps; forearms,cable,cable,back,biceps; forearms,cable,total,,none,row,compound,none_expected,
ex-1320,Cable rope crossover seated row,back,upper back,biceps; forearms,cable,cable,back,biceps; forearms,cable,total,,none,row,compound,none_expected,
ex-1321,Cable rope elevated seated row,back,upper back,biceps; forearms,cable,cable,back,biceps; forearms,cable,total,,none,row,compound,none_expected,
ex-1322,Cable rope extension incline bench row,back,upper back,biceps; shoulders,cable,cable,back,biceps; core,cable,total,,none,row,compound,none_expected,
ex-1639,Cable rope hammer preacher curl,upper arms,biceps,forearms,cable,cable,biceps,forearms,cable,total,,none,elbow_flexion,isolation,none_expected,
ex-1724,Cable rope high pulley overhead tricep extension,upper arms,triceps,shoulders,cable,cable,triceps,core,cable,total,,none,elbow_extension,isolation,none_expected,
ex-1725,Cable rope incline tricep extension,upper arms,triceps,shoulders,cable,cable,triceps,core,cable,total,,none,elbow_extension,isolation,none_expected,
ex-1726,Cable rope lying on floor tricep extension,upper arms,triceps,shoulders,cable,cable,triceps,core,cable,total,,none,elbow_extension,isolation,none_expected,
ex-1640,Cable rope one arm hammer preacher curl,upper arms,biceps,forearms,cable,cable,biceps,forearms,cable,per_side,,none,elbow_flexion,isolation,none_expected,
ex-1323,Cable rope seated row,back,upper back,biceps; forearms,cable,cable,back,biceps; forearms,cable,total,,none,row,compound,none_expected,
ex-0211,Cable russian twists (on stability ball),waist,abs,obliques; lower back,cable,cable,core,,cable,total,,none,core,unknown,none_expected,SECONDARY_DUPLICATES_PRIMARY
ex-2144,Cable seated chest press,chest,pectorals,shoulders; triceps,cable,cable,chest,core; triceps,cable,total,,none,bench_press,compound,none_expected,
ex-0212,Cable seated crunch,waist,abs,obliques,cable,cable,core,,cable,total,,none,core,unknown,none_expected,SECONDARY_DUPLICATES_PRIMARY
ex-1641,Cable seated curl,upper arms,biceps,forearms,cable,cable,biceps,forearms,cable,total,,none,elbow_flexion,isolation,none_expected,
ex-0213,Cable seated high row (v-bar),back,lats,biceps; rhomboids; rear deltoids,cable,cable,back,biceps; core,cable,total,,none,row,compound,none_expected,
ex-0214,Cable seated one arm alternate row,back,upper back,biceps; forearms,cable,cable,back,biceps; forearms,cable,per_side,,none,row,compound,none_expected,
ex-1642,Cable seated one arm concentration curl,upper arms,biceps,forearms,cable,cable,biceps,forearms,cable,per_side,,none,elbow_flexion,isolation,none_expected,
ex-1643,Cable seated overhead curl,upper arms,biceps,forearms; shoulders,cable,cable,biceps,forearms; core,cable,total,,none,elbow_flexion,isolation,none_expected,
ex-0215,Cable seated rear lateral raise,shoulders,delts,traps; rhomboids,cable,cable,shoulders,core,cable,total,,none,lateral_raise,isolation,none_expected,
ex-0861,Cable seated row,back,upper back,biceps; forearms,cable,cable,back,biceps; forearms,cable,total,,none,row,compound,none_expected,
ex-0216,Cable seated shoulder internal rotation,shoulders,delts,rotator cuff; triceps,cable,cable,shoulders,core; triceps,cable,per_side,,none,other,unknown,none_expected,
ex-2399,Cable seated twist,waist,abs,obliques,cable,cable,core,,cable,per_side,,none,core,unknown,none_expected,SECONDARY_DUPLICATES_PRIMARY
ex-0218,Cable seated wide-grip row,back,upper back,biceps; forearms,cable,cable,back,biceps; forearms,cable,total,,none,row,compound,none_expected,
ex-0219,Cable shoulder press,shoulders,delts,triceps; upper back,cable,cable,shoulders,triceps; back,cable,total,,none,vertical_press,compound,none_expected,
ex-0220,Cable shrug,back,traps,shoulders,cable,cable,back,core,cable,total,,none,other,isolation,none_expected,UNMAPPED_TARGET
ex-0222,Cable side bend,waist,abs,obliques,cable,cable,core,,cable,per_side,,none,core,unknown,none_expected,SECONDARY_DUPLICATES_PRIMARY
ex-0221,Cable side bend crunch (bosu ball),waist,abs,obliques,cable,cable,core,,cable,per_side,,none,core,unknown,none_expected,SECONDARY_DUPLICATES_PRIMARY
ex-0223,Cable side crunch,waist,abs,obliques,cable,cable,core,,cable,per_side,,none,core,unknown,none_expected,SECONDARY_DUPLICATES_PRIMARY
ex-1717,Cable squat row (with rope attachment),back,lats,biceps; rhomboids; rear deltoids,cable,cable,back,biceps; core,cable,total,,none,squat,compound,none_expected,
ex-1644,Cable squatting curl,upper arms,biceps,forearms,cable,cable,biceps,forearms,cable,total,,none,elbow_flexion,isolation,none_expected,
ex-0224,Cable standing back wrist curl,lower arms,forearms,biceps; brachialis,cable,cable,forearms,biceps; core,cable,total,,none,elbow_flexion,isolation,none_expected,
ex-1375,Cable standing calf raise,lower legs,calves,hamstrings; glutes,cable,cable,calves,hamstrings; glutes,cable,total,,none,calf_raise,isolation,none_expected,
ex-0225,Cable standing cross-over high reverse fly,shoulders,delts,trapezius; rhomboids; rear deltoids,cable,cable,shoulders,core,cable,total,,none,rear_delt,isolation,none_expected,
ex-0226,Cable standing crunch,waist,abs,obliques,cable,cable,core,,cable,total,,none,core,unknown,none_expected,SECONDARY_DUPLICATES_PRIMARY
ex-0874,Cable standing crunch (with rope attachment),waist,abs,obliques,cable,cable,core,,cable,total,,none,core,unknown,none_expected,SECONDARY_DUPLICATES_PRIMARY
ex-0227,Cable standing fly,chest,pectorals,deltoids; triceps,cable,cable,chest,core; triceps,cable,total,,none,fly,isolation,none_expected,
ex-0228,Cable standing hip extension,upper legs,glutes,hamstrings; quadriceps,cable,cable,glutes,hamstrings; core,cable,per_side,,none,elbow_extension,isolation,none_expected,
ex-0229,Cable standing inner curl,upper arms,biceps,forearms,cable,cable,biceps,forearms,cable,total,,none,elbow_flexion,isolation,none_expected,
ex-0230,Cable standing lift,waist,abs,obliques; lower back,cable,cable,core,,cable,per_side,,none,core,unknown,none_expected,SECONDARY_DUPLICATES_PRIMARY
ex-0231,Cable standing one arm triceps extension,upper arms,triceps,shoulders,cable,cable,triceps,core,cable,per_side,,none,elbow_extension,isolation,none_expected,
ex-1376,Cable standing one leg calf raise,lower legs,calves,ankles; feet,cable,cable,calves,core,cable,per_side,,none,calf_raise,isolation,none_expected,
ex-0232,Cable standing pulldown (with rope),upper arms,biceps,forearms; shoulders,cable,cable,biceps,forearms; core,cable,total,,none,pulldown,compound,none_expected,
ex-0233,Cable standing rear delt row (with rope),shoulders,delts,trapezius; rhomboids; biceps,cable,cable,shoulders,core; biceps,cable,total,,none,row,compound,none_expected,
ex-1727,Cable standing reverse grip one arm overhead tricep extension,upper arms,triceps,shoulders,cable,cable,triceps,core,cable,per_side,,none,elbow_extension,isolation,none_expected,
ex-0234,Cable standing row (v-bar),back,upper back,biceps; shoulders,cable,cable,back,biceps; core,cable,total,,none,row,compound,none_expected,
ex-0235,Cable standing shoulder external rotation,shoulders,delts,rotator cuff; trapezius,cable,cable,shoulders,core,cable,total,,none,other,unknown,none_expected,
ex-0236,Cable standing twist row (v-bar),back,upper back,biceps; shoulders,cable,cable,back,biceps; core,cable,total,,none,row,compound,none_expected,
ex-1269,Cable standing up straight crossovers,chest,pectorals,deltoids; triceps,cable,cable,chest,core; triceps,cable,total,,none,other,unknown,none_expected,
ex-0238,Cable straight arm pulldown,back,lats,shoulders; biceps,cable,cable,back,core; biceps,cable,total,,none,pulldown,compound,none_expected,
ex-0237,Cable straight arm pulldown (with rope),back,lats,biceps; forearms,cable,cable,back,biceps; forearms,cable,total,,none,pulldown,compound,none_expected,
ex-0239,Cable straight back seated row,back,upper back,biceps; forearms; shoulders,cable,cable,back,biceps; forearms; core,cable,total,,none,row,compound,none_expected,
ex-0240,Cable supine reverse fly,shoulders,delts,trapezius; rhomboids,cable,cable,shoulders,core,cable,per_side,,none,rear_delt,isolation,none_expected,
ex-2464,Cable thibaudeau kayak row,back,lats,biceps; rhomboids; rear deltoids,cable,cable,back,biceps; core,cable,per_side,,none,row,compound,none_expected,
ex-0241,Cable triceps pushdown (v-bar),upper arms,triceps,forearms,cable,cable,triceps,forearms,cable,total,,none,elbow_extension,isolation,none_expected,
ex-2405,Cable triceps pushdown (v-bar) (with arm blaster),upper arms,triceps,forearms,cable,cable,triceps,forearms,cable,total,,none,elbow_extension,isolation,none_expected,
ex-0242,Cable tuck reverse crunch,waist,abs,hip flexors,cable,cable,core,,cable,total,,none,core,unknown,none_expected,SECONDARY_DUPLICATES_PRIMARY
ex-0243,Cable twist,waist,abs,obliques,cable,cable,core,,cable,total,,none,core,unknown,none_expected,SECONDARY_DUPLICATES_PRIMARY
ex-0862,Cable twist (up-down),waist,abs,obliques; lower back,cable,cable,core,,cable,total,,none,core,unknown,none_expected,SECONDARY_DUPLICATES_PRIMARY
ex-0244,Cable twisting pull,back,lats,shoulders; biceps,cable,cable,back,core; biceps,cable,per_side,,none,other,unknown,none_expected,
ex-1645,Cable two arm curl on incline bench,upper arms,biceps,forearms,cable,cable,biceps,forearms,cable,total,,none,elbow_flexion,isolation,none_expected,
ex-1728,Cable two arm tricep kickback,upper arms,triceps,shoulders,cable,cable,triceps,core,cable,per_side,,none,elbow_extension,isolation,none_expected,
ex-0245,Cable underhand pulldown,back,lats,biceps; forearms,cable,cable,back,biceps; forearms,cable,total,,none,pulldown,compound,none_expected,
ex-1270,Cable upper chest crossovers,chest,pectorals,deltoids; triceps,cable,cable,chest,core; triceps,cable,total,,none,other,unknown,none_expected,
ex-1324,Cable upper row,back,upper back,biceps; shoulders,cable,cable,back,biceps; core,cable,total,,none,row,compound,none_expected,
ex-0246,Cable upright row,shoulders,delts,traps; biceps,cable,cable,shoulders,core; biceps,cable,total,,none,row,compound,none_expected,
ex-1325,Cable wide grip rear pulldown behind neck,back,lats,biceps; rhomboids; rear deltoids,cable,cable,back,biceps; core,cable,total,,none,pulldown,compound,none_expected,
ex-0247,Cable wrist curl,lower arms,forearms,biceps; brachialis,cable,cable,forearms,biceps; core,cable,total,,none,elbow_flexion,isolation,none_expected,
ex-1407,Calf push stretch with hands against wall,lower legs,calves,hamstrings,body weight,bodyweight,calves,hamstrings,bodyweight,added_weight,,none,calf_raise,isolation,none_expected,
ex-1377,Calf stretch with hands against wall,lower legs,calves,hamstrings,body weight,bodyweight,calves,hamstrings,bodyweight,added_weight,,none,calf_raise,isolation,none_expected,
ex-1378,Calf stretch with rope,lower legs,calves,hamstrings,rope,other,calves,hamstrings,other,total,,none,calf_raise,isolation,none_expected,UNMAPPED_EQUIPMENT
ex-0248,Cambered bar lying row,back,upper back,biceps; forearms,barbell,barbell,back,biceps; forearms,barbell,total,,user_bar,row,compound,none_expected,
ex-2963,Captains chair straight leg raise,waist,abs,hip flexors,body weight,bodyweight,core,,bodyweight,added_weight,,none,core,isolation,none_expected,SECONDARY_DUPLICATES_PRIMARY
ex-1548,Chair leg extended stretch,upper legs,quads,hamstrings; calves,body weight,bodyweight,quadriceps,hamstrings; calves,bodyweight,added_weight,,none,other,unknown,none_expected,
ex-1271,Chest and front of shoulder stretch,chest,pectorals,deltoids,body weight,bodyweight,chest,core,bodyweight,added_weight,,none,other,unknown,none_expected,
ex-0251,Chest dip,chest,pectorals,triceps; shoulders,body weight,bodyweight,chest,triceps; core,bodyweight,added_weight,1,none,elbow_extension,compound,none_expected,
ex-1430,Chest dip (on dip-pull-up cage),chest,pectorals,triceps; shoulders,body weight,bodyweight,chest,triceps; core,bodyweight,added_weight,1,none,pull_up,compound,none_expected,
ex-2462,Chest dip on straight bar,chest,pectorals,triceps; shoulders,body weight,bodyweight,chest,triceps; core,bodyweight,added_weight,1,none,elbow_extension,compound,none_expected,
ex-1272,Chest stretch with exercise ball,chest,pectorals,shoulders; triceps,stability ball,other,chest,core; triceps,other,total,,none,other,unknown,none_expected,UNMAPPED_EQUIPMENT
ex-3216,Chest tap push-up (male),chest,pectorals,triceps; shoulders,body weight,bodyweight,chest,triceps; core,bodyweight,added_weight,,none,bench_press,compound,none_expected,
ex-1326,Chin-up,back,lats,biceps; forearms,body weight,bodyweight,back,biceps; forearms,bodyweight,added_weight,1,none,chin_up,compound,none_expected,
ex-0253,Chin-ups (narrow parallel grip),back,upper back,biceps; forearms,body weight,bodyweight,back,biceps; forearms,bodyweight,added_weight,1,none,chin_up,compound,none_expected,
ex-0257,Circles knee stretch,lower legs,calves,hamstrings; quadriceps,body weight,bodyweight,calves,hamstrings; core,bodyweight,added_weight,,none,calf_raise,isolation,none_expected,
ex-1273,Clap push up,chest,pectorals,triceps; shoulders,body weight,bodyweight,chest,triceps; core,bodyweight,added_weight,,none,bench_press,compound,none_expected,
ex-0258,Clock push-up,chest,pectorals,triceps; shoulders; core,body weight,bodyweight,chest,triceps; core,bodyweight,added_weight,,none,bench_press,compound,none_expected,
ex-1327,Close grip chin-up,back,lats,biceps; forearms,body weight,bodyweight,back,biceps; forearms,bodyweight,added_weight,1,none,chin_up,compound,none_expected,
ex-0259,Close-grip push-up,upper arms,triceps,chest; shoulders,body weight,bodyweight,triceps,core,bodyweight,added_weight,,none,bench_press,compound,none_expected,COMPOUND_SINGLE_MUSCLE_METADATA
ex-2398,Close-grip push-up (on knees),upper arms,triceps,chest; shoulders,body weight,bodyweight,triceps,core,bodyweight,added_weight,,none,bench_press,compound,none_expected,COMPOUND_SINGLE_MUSCLE_METADATA
ex-0260,Cocoons,waist,abs,hip flexors; lower back,body weight,bodyweight,core,,bodyweight,added_weight,,none,core,unknown,none_expected,SECONDARY_DUPLICATES_PRIMARY
ex-1468,Crab twist toe touch,waist,abs,obliques; hip flexors,body weight,bodyweight,core,,bodyweight,added_weight,,none,core,unknown,none_expected,SECONDARY_DUPLICATES_PRIMARY
ex-0262,Cross body crunch,waist,abs,obliques,body weight,bodyweight,core,,bodyweight,added_weight,,none,core,unknown,none_expected,SECONDARY_DUPLICATES_PRIMARY
ex-0267,Crunch (hands overhead),waist,abs,hip flexors,body weight,bodyweight,core,,bodyweight,added_weight,,none,core,unknown,none_expected,SECONDARY_DUPLICATES_PRIMARY
ex-0271,Crunch (on stability ball),waist,abs,hip flexors,stability ball,other,core,,other,total,,none,core,unknown,none_expected,UNMAPPED_EQUIPMENT; SECONDARY_DUPLICATES_PRIMARY
ex-0272,"Crunch (on stability ball, arms straight)",waist,abs,hip flexors,stability ball,other,core,,other,total,,none,core,unknown,none_expected,UNMAPPED_EQUIPMENT; SECONDARY_DUPLICATES_PRIMARY
ex-0274,Crunch floor,waist,abs,hip flexors,body weight,bodyweight,core,,bodyweight,added_weight,,none,core,unknown,none_expected,SECONDARY_DUPLICATES_PRIMARY
ex-3016,Curl-up,waist,abs,hip flexors,body weight,bodyweight,core,,bodyweight,added_weight,,none,elbow_flexion,isolation,none_expected,SECONDARY_DUPLICATES_PRIMARY
ex-3769,Curtsey squat,upper legs,glutes,quadriceps; hamstrings; calves,body weight,bodyweight,glutes,core; hamstrings; calves,bodyweight,added_weight,,none,squat,compound,none_expected,LOWER_BODY_COMPOUND_PRIMARY_GLUTES_ONLY
ex-2331,Cycle cross trainer,cardio,cardiovascular system,quadriceps; hamstrings; glutes,leverage machine,machine,core,hamstrings; glutes,selectorized,total,,none,other,unknown,none_expected,UNMAPPED_TARGET; TARGET_FALLBACK_TO_CORE; SECONDARY_DUPLICATES_PRIMARY; POSSIBLE_PLATE_LOADED_MACHINE; LEVER_RESOLVED_SELECTOR_ONLY
ex-0276,Dead bug,waist,abs,hip flexors; lower back,body weight,bodyweight,core,,bodyweight,added_weight,,none,core,unknown,none_expected,SECONDARY_DUPLICATES_PRIMARY
ex-0277,Decline crunch,waist,abs,hip flexors,body weight,bodyweight,core,,bodyweight,added_weight,,none,core,unknown,none_expected,SECONDARY_DUPLICATES_PRIMARY
ex-0279,Decline push-up,chest,pectorals,triceps; shoulders,body weight,bodyweight,chest,triceps; core,bodyweight,added_weight,,none,bench_press,compound,none_expected,
ex-0282,Decline sit-up,waist,abs,hip flexors; lower back,body weight,bodyweight,core,,bodyweight,added_weight,,none,core,unknown,none_expected,SECONDARY_DUPLICATES_PRIMARY
ex-1274,Deep push up,chest,pectorals,triceps; shoulders,dumbbell,dumbbell,chest,triceps; core,dumbbell,per_hand,,none,bench_press,compound,none_expected,
ex-0283,Diamond push-up,upper arms,triceps,chest; shoulders,body weight,bodyweight,triceps,core,bodyweight,added_weight,,none,bench_press,compound,none_expected,COMPOUND_SINGLE_MUSCLE_METADATA
ex-0284,Donkey calf raise,lower legs,calves,hamstrings; glutes,body weight,bodyweight,calves,hamstrings; glutes,bodyweight,added_weight,,none,calf_raise,isolation,none_expected,
ex-1275,Drop push up,chest,pectorals,triceps; shoulders,body weight,bodyweight,chest,triceps; core,bodyweight,added_weight,,none,bench_press,compound,none_expected,
ex-0285,Dumbbell alternate biceps curl,upper arms,biceps,forearms,dumbbell,dumbbell,biceps,forearms,dumbbell,per_hand,,none,elbow_flexion,isolation,none_expected,
ex-2403,Dumbbell alternate biceps curl (with arm blaster),upper arms,biceps,forearms,dumbbell,dumbbell,biceps,forearms,dumbbell,per_hand,,none,elbow_flexion,isolation,none_expected,
ex-1646,Dumbbell alternate hammer preacher curl,upper arms,biceps,forearms,dumbbell,dumbbell,biceps,forearms,dumbbell,per_hand,,none,elbow_flexion,isolation,none_expected,
ex-1647,Dumbbell alternate preacher curl,upper arms,biceps,forearms,dumbbell,dumbbell,biceps,forearms,dumbbell,per_hand,,none,elbow_flexion,isolation,none_expected,
ex-1648,Dumbbell alternate seated hammer curl,upper arms,biceps,forearms,dumbbell,dumbbell,biceps,forearms,dumbbell,per_hand,,none,elbow_flexion,isolation,none_expected,
ex-0286,Dumbbell alternate side press,shoulders,delts,triceps; core,dumbbell,dumbbell,shoulders,triceps; core,dumbbell,per_hand,,none,other,unknown,none_expected,
ex-1649,Dumbbell alternating bicep curl with leg raised on exercise ball,upper arms,biceps,forearms; shoulders,dumbbell,dumbbell,biceps,forearms; core,dumbbell,per_hand,,none,elbow_flexion,isolation,none_expected,
ex-1650,Dumbbell alternating seated bicep curl on exercise ball,upper arms,biceps,forearms,dumbbell,dumbbell,biceps,forearms,dumbbell,per_hand,,none,elbow_flexion,isolation,none_expected,
ex-2137,Dumbbell arnold press,shoulders,delts,triceps; upper chest,dumbbell,dumbbell,shoulders,triceps; core,dumbbell,per_hand,,none,vertical_press,compound,none_expected,
ex-0287,Dumbbell arnold press v. 2,shoulders,delts,triceps; upper chest,dumbbell,dumbbell,shoulders,triceps; core,dumbbell,per_hand,,none,vertical_press,compound,none_expected,
ex-0288,Dumbbell around pullover,chest,pectorals,triceps; latissimus dorsi,dumbbell,dumbbell,chest,triceps; core,dumbbell,per_hand,,none,other,isolation,none_expected,
ex-0289,Dumbbell bench press,chest,pectorals,triceps; shoulders,dumbbell,dumbbell,chest,triceps; core,dumbbell,per_hand,,none,bench_press,compound,none_expected,
ex-0290,Dumbbell bench seated press,shoulders,delts,triceps; chest,dumbbell,dumbbell,shoulders,triceps; core,dumbbell,per_hand,,none,other,unknown,none_expected,
ex-0291,Dumbbell bench squat,upper legs,glutes,quadriceps; hamstrings; calves,dumbbell,dumbbell,glutes,core; hamstrings; calves,dumbbell,per_hand,,none,squat,compound,none_expected,LOWER_BODY_COMPOUND_PRIMARY_GLUTES_ONLY
ex-0293,Dumbbell bent over row,back,upper back,biceps; forearms,dumbbell,dumbbell,back,biceps; forearms,dumbbell,per_hand,,none,row,compound,none_expected,
ex-1651,Dumbbell bicep curl lunge with bowling motion,upper arms,biceps,forearms; shoulders,dumbbell,dumbbell,biceps,forearms; core,dumbbell,per_hand,,none,lunge,compound,none_expected,
ex-1652,Dumbbell bicep curl on exercise ball with leg raised,upper arms,biceps,forearms; shoulders,dumbbell,dumbbell,biceps,forearms; core,dumbbell,per_hand,,none,elbow_flexion,isolation,none_expected,
ex-1653,Dumbbell bicep curl with stork stance,upper arms,biceps,forearms,dumbbell,dumbbell,biceps,forearms,dumbbell,per_hand,,none,elbow_flexion,isolation,none_expected,
ex-0294,Dumbbell biceps curl,upper arms,biceps,forearms,dumbbell,dumbbell,biceps,forearms,dumbbell,per_hand,,none,elbow_flexion,isolation,none_expected,
ex-2401,Dumbbell biceps curl (with arm blaster),upper arms,biceps,forearms,dumbbell,dumbbell,biceps,forearms,dumbbell,per_hand,,none,elbow_flexion,isolation,none_expected,
ex-1654,Dumbbell biceps curl reverse,upper arms,biceps,forearms,dumbbell,dumbbell,biceps,forearms,dumbbell,per_hand,,none,elbow_flexion,isolation,none_expected,
ex-1655,Dumbbell biceps curl squat,upper arms,biceps,forearms,dumbbell,dumbbell,biceps,forearms,dumbbell,per_hand,,none,squat,compound,none_expected,
ex-1656,Dumbbell biceps curl v sit on bosu ball,upper arms,biceps,forearms; shoulders,dumbbell,dumbbell,biceps,forearms; core,dumbbell,per_hand,,none,elbow_flexion,isolation,none_expected,
ex-1201,Dumbbell burpee,cardio,cardiovascular system,quadriceps; hamstrings; calves; shoulders; triceps; core,dumbbell,dumbbell,core,hamstrings; calves; triceps,dumbbell,per_hand,,none,other,unknown,none_expected,UNMAPPED_TARGET; TARGET_FALLBACK_TO_CORE; SECONDARY_DUPLICATES_PRIMARY
ex-0295,Dumbbell clean,upper legs,glutes,hamstrings; quadriceps; calves,dumbbell,dumbbell,glutes,hamstrings; core; calves,dumbbell,per_hand,,none,other,unknown,none_expected,
ex-1731,Dumbbell close grip press,upper arms,triceps,chest; shoulders,dumbbell,dumbbell,triceps,core,dumbbell,per_hand,,none,other,unknown,none_expected,
ex-0296,Dumbbell close-grip press,upper arms,triceps,chest; shoulders,dumbbell,dumbbell,triceps,core,dumbbell,per_hand,,none,other,unknown,none_expected,
ex-0297,Dumbbell concentration curl,upper arms,biceps,forearms,dumbbell,dumbbell,biceps,forearms,dumbbell,per_hand,,none,elbow_flexion,isolation,none_expected,
ex-3635,Dumbbell contralateral forward lunge,upper legs,glutes,quadriceps; hamstrings; calves,dumbbell,dumbbell,glutes,core; hamstrings; calves,dumbbell,per_hand,,none,lunge,compound,none_expected,LOWER_BODY_COMPOUND_PRIMARY_GLUTES_ONLY
ex-0298,Dumbbell cross body hammer curl,upper arms,biceps,forearms,dumbbell,dumbbell,biceps,forearms,dumbbell,per_hand,,none,elbow_flexion,isolation,none_expected,
ex-1657,Dumbbell cross body hammer curl v. 2,upper arms,biceps,forearms,dumbbell,dumbbell,biceps,forearms,dumbbell,per_hand,,none,elbow_flexion,isolation,none_expected,
ex-0299,Dumbbell cuban press,shoulders,delts,triceps; upper back,dumbbell,dumbbell,shoulders,triceps; back,dumbbell,per_hand,,none,other,unknown,none_expected,
ex-2136,Dumbbell cuban press v. 2,shoulders,delts,triceps; upper back,dumbbell,dumbbell,shoulders,triceps; back,dumbbell,per_hand,,none,other,unknown,none_expected,
ex-0300,Dumbbell deadlift,upper legs,glutes,hamstrings; lower back,dumbbell,dumbbell,glutes,hamstrings; core,dumbbell,per_hand,,none,deadlift,compound,none_expected,
ex-0301,Dumbbell decline bench press,chest,pectorals,triceps; shoulders,dumbbell,dumbbell,chest,triceps; core,dumbbell,per_hand,,none,decline_press,compound,none_expected,
ex-0302,Dumbbell decline fly,chest,pectorals,shoulders,dumbbell,dumbbell,chest,core,dumbbell,per_hand,,none,fly,isolation,none_expected,
ex-0303,Dumbbell decline hammer press,chest,pectorals,triceps; shoulders,dumbbell,dumbbell,chest,triceps; core,dumbbell,per_hand,,none,bench_press,compound,none_expected,
ex-1276,Dumbbell decline one arm fly,chest,pectorals,shoulders,dumbbell,dumbbell,chest,core,dumbbell,per_hand,,none,fly,isolation,none_expected,
ex-1617,Dumbbell decline one arm hammer press,upper arms,triceps,chest; shoulders,dumbbell,dumbbell,triceps,core,dumbbell,per_hand,,none,other,unknown,none_expected,
ex-0305,Dumbbell decline shrug,back,traps,shoulders; rhomboids,dumbbell,dumbbell,back,core,dumbbell,per_hand,,none,other,isolation,none_expected,UNMAPPED_TARGET
ex-0304,Dumbbell decline shrug v. 2,back,traps,shoulders; rhomboids,dumbbell,dumbbell,back,core,dumbbell,per_hand,,none,other,isolation,none_expected,UNMAPPED_TARGET
ex-0306,Dumbbell decline triceps extension,upper arms,triceps,shoulders,dumbbell,dumbbell,triceps,core,dumbbell,per_hand,,none,elbow_extension,isolation,none_expected,
ex-0307,Dumbbell decline twist fly,chest,pectorals,shoulders; triceps,dumbbell,dumbbell,chest,core; triceps,dumbbell,per_hand,,none,fly,isolation,none_expected,
ex-1437,Dumbbell finger curls,lower arms,forearms,wrist flexors; wrist extensors,dumbbell,dumbbell,forearms,core,dumbbell,per_hand,,none,other,unknown,none_expected,
ex-0308,Dumbbell fly,chest,pectorals,shoulders,dumbbell,dumbbell,chest,core,dumbbell,per_hand,,none,fly,isolation,none_expected,
ex-1277,Dumbbell fly on exercise ball,chest,pectorals,shoulders; triceps,dumbbell,dumbbell,chest,core; triceps,dumbbell,per_hand,,none,fly,isolation,none_expected,
ex-1732,Dumbbell forward lunge triceps extension,upper arms,triceps,shoulders; core,dumbbell,dumbbell,triceps,core,dumbbell,per_hand,,none,lunge,compound,none_expected,COMPOUND_SINGLE_MUSCLE_METADATA
ex-0310,Dumbbell front raise,shoulders,delts,biceps; trapezius,dumbbell,dumbbell,shoulders,biceps; core,dumbbell,per_hand,,none,front_raise,isolation,none_expected,
ex-0309,Dumbbell front raise v. 2,shoulders,delts,trapezius; biceps,dumbbell,dumbbell,shoulders,core; biceps,dumbbell,per_hand,,none,front_raise,isolation,none_expected,
ex-0311,Dumbbell full can lateral raise,shoulders,delts,traps; rotator cuff,dumbbell,dumbbell,shoulders,core,dumbbell,per_hand,,none,lateral_raise,isolation,none_expected,
ex-1760,Dumbbell goblet squat,upper legs,quads,glutes; hamstrings; calves,dumbbell,dumbbell,quadriceps,glutes; hamstrings; calves,dumbbell,per_hand,,none,squat,compound,none_expected,LOWER_BODY_COMPOUND_PRIMARY_QUADRICEPS_ONLY
ex-0313,Dumbbell hammer curl,upper arms,biceps,forearms,dumbbell,dumbbell,biceps,forearms,dumbbell,per_hand,,none,elbow_flexion,isolation,none_expected,
ex-1659,Dumbbell hammer curl on exercise ball,upper arms,biceps,forearms,dumbbell,dumbbell,biceps,forearms,dumbbell,per_hand,,none,elbow_flexion,isolation,none_expected,
ex-0312,Dumbbell hammer curl v. 2,upper arms,biceps,forearms,dumbbell,dumbbell,biceps,forearms,dumbbell,per_hand,,none,elbow_flexion,isolation,none_expected,
ex-2402,Dumbbell hammer curls (with arm blaster),upper arms,biceps,forearms,dumbbell,dumbbell,biceps,forearms,dumbbell,per_hand,,none,other,unknown,none_expected,
ex-1664,Dumbbell high curl,upper arms,biceps,forearms,dumbbell,dumbbell,biceps,forearms,dumbbell,per_hand,,none,elbow_flexion,isolation,none_expected,
ex-3545,Dumbbell incline alternate press,chest,pectorals,shoulders; triceps,dumbbell,dumbbell,chest,core; triceps,dumbbell,per_hand,,none,bench_press,compound,none_expected,
ex-0314,Dumbbell incline bench press,chest,pectorals,shoulders; triceps,dumbbell,dumbbell,chest,core; triceps,dumbbell,per_hand,,none,incline_press,compound,none_expected,
ex-0315,Dumbbell incline biceps curl,upper arms,biceps,forearms,dumbbell,dumbbell,biceps,forearms,dumbbell,per_hand,,none,elbow_flexion,isolation,none_expected,
ex-0316,Dumbbell incline breeding,chest,pectorals,shoulders; triceps,dumbbell,dumbbell,chest,core; triceps,dumbbell,per_hand,,none,other,unknown,none_expected,
ex-0318,Dumbbell incline curl,upper arms,biceps,forearms,dumbbell,dumbbell,biceps,forearms,dumbbell,per_hand,,none,elbow_flexion,isolation,none_expected,
ex-0317,Dumbbell incline curl v. 2,upper arms,biceps,forearms,dumbbell,dumbbell,biceps,forearms,dumbbell,per_hand,,none,elbow_flexion,isolation,none_expected,
ex-0319,Dumbbell incline fly,chest,pectorals,shoulders,dumbbell,dumbbell,chest,core,dumbbell,per_hand,,none,fly,isolation,none_expected,
ex-1278,Dumbbell incline fly on exercise ball,chest,pectorals,shoulders,dumbbell,dumbbell,chest,core,dumbbell,per_hand,,none,fly,isolation,none_expected,
ex-0320,Dumbbell incline hammer curl,upper arms,biceps,forearms,dumbbell,dumbbell,biceps,forearms,dumbbell,per_hand,,none,elbow_flexion,isolation,none_expected,
ex-0321,Dumbbell incline hammer press,chest,pectorals,shoulders; triceps,dumbbell,dumbbell,chest,core; triceps,dumbbell,per_hand,,none,bench_press,compound,none_expected,
ex-1618,Dumbbell incline hammer press on exercise ball,upper arms,triceps,chest; shoulders,dumbbell,dumbbell,triceps,core,dumbbell,per_hand,,none,other,unknown,none_expected,
ex-0322,Dumbbell incline inner biceps curl,upper arms,biceps,forearms,dumbbell,dumbbell,biceps,forearms,dumbbell,per_hand,,none,elbow_flexion,isolation,none_expected,
ex-1279,Dumbbell incline one arm fly,chest,pectorals,deltoids; triceps,dumbbell,dumbbell,chest,core; triceps,dumbbell,per_hand,,none,fly,isolation,none_expected,
ex-1280,Dumbbell incline one arm fly on exercise ball,chest,pectorals,shoulders,dumbbell,dumbbell,chest,core,dumbbell,per_hand,,none,fly,isolation,none_expected,
ex-1619,Dumbbell incline one arm hammer press,upper arms,triceps,shoulders; chest,dumbbell,dumbbell,triceps,core,dumbbell,per_hand,,none,other,unknown,none_expected,
ex-1620,Dumbbell incline one arm hammer press on exercise ball,upper arms,triceps,shoulders; chest,dumbbell,dumbbell,triceps,core,dumbbell,per_hand,,none,other,unknown,none_expected,
ex-0323,Dumbbell incline one arm lateral raise,shoulders,delts,trapezius; triceps,dumbbell,dumbbell,shoulders,core; triceps,dumbbell,per_hand,,none,lateral_raise,isolation,none_expected,
ex-1281,Dumbbell incline one arm press,chest,pectorals,shoulders; triceps,dumbbell,dumbbell,chest,core; triceps,dumbbell,per_hand,,none,bench_press,compound,none_expected,
ex-1282,Dumbbell incline one arm press on exercise ball,chest,pectorals,shoulders; triceps,dumbbell,dumbbell,chest,core; triceps,dumbbell,per_hand,,none,bench_press,compound,none_expected,
ex-0324,Dumbbell incline palm-in press,chest,pectorals,shoulders; triceps,dumbbell,dumbbell,chest,core; triceps,dumbbell,per_hand,,none,bench_press,compound,none_expected,
ex-1283,Dumbbell incline press on exercise ball,chest,pectorals,shoulders; triceps,dumbbell,dumbbell,chest,core; triceps,dumbbell,per_hand,,none,incline_press,compound,none_expected,
ex-0325,Dumbbell incline raise,shoulders,delts,trapezius; triceps,dumbbell,dumbbell,shoulders,core; triceps,dumbbell,per_hand,,none,other,isolation,none_expected,
ex-0326,Dumbbell incline rear lateral raise,shoulders,delts,traps; rhomboids,dumbbell,dumbbell,shoulders,core,dumbbell,per_hand,,none,lateral_raise,isolation,none_expected,
ex-0327,Dumbbell incline row,back,upper back,biceps; shoulders,dumbbell,dumbbell,back,biceps; core,dumbbell,per_hand,,none,row,compound,none_expected,
ex-0328,Dumbbell incline shoulder raise,chest,serratus anterior,deltoids; trapezius,dumbbell,dumbbell,chest,core,dumbbell,per_hand,,none,other,isolation,none_expected,UNMAPPED_TARGET
ex-0329,Dumbbell incline shrug,back,traps,shoulders,dumbbell,dumbbell,back,core,dumbbell,per_hand,,none,other,isolation,none_expected,UNMAPPED_TARGET
ex-3542,Dumbbell incline t-raise,shoulders,delts,traps; rhomboids,dumbbell,dumbbell,shoulders,core,dumbbell,per_hand,,none,other,isolation,none_expected,
ex-0330,Dumbbell incline triceps extension,upper arms,triceps,shoulders,dumbbell,dumbbell,triceps,core,dumbbell,per_hand,,none,elbow_extension,isolation,none_expected,
ex-0331,Dumbbell incline twisted flyes,chest,pectorals,shoulders; triceps,dumbbell,dumbbell,chest,core; triceps,dumbbell,per_hand,,none,fly,isolation,none_expected,
ex-1733,Dumbbell incline two arm extension,upper arms,triceps,shoulders,dumbbell,dumbbell,triceps,core,dumbbell,per_hand,,none,elbow_extension,isolation,none_expected,
ex-3541,Dumbbell incline y-raise,back,upper back,shoulders; rear deltoids,dumbbell,dumbbell,back,core,dumbbell,per_hand,,none,other,isolation,none_expected,
ex-0332,Dumbbell iron cross,shoulders,delts,triceps; chest,dumbbell,dumbbell,shoulders,triceps; core,dumbbell,per_hand,,none,other,unknown,none_expected,
ex-0333,Dumbbell kickback,upper arms,triceps,shoulders,dumbbell,dumbbell,triceps,core,dumbbell,per_hand,,none,elbow_extension,isolation,none_expected,
ex-1734,Dumbbell kickbacks on exercise ball,upper arms,triceps,shoulders; back,dumbbell,dumbbell,triceps,core,dumbbell,per_hand,,none,other,unknown,none_expected,
ex-1660,Dumbbell kneeling bicep curl exercise ball,upper arms,biceps,forearms,dumbbell,dumbbell,biceps,forearms,dumbbell,per_hand,,none,elbow_flexion,isolation,none_expected,
ex-0334,Dumbbell lateral raise,shoulders,delts,traps,dumbbell,dumbbell,shoulders,core,dumbbell,per_hand,,none,lateral_raise,isolation,none_expected,
ex-0335,Dumbbell lateral to front raise,shoulders,delts,trapezius; biceps,dumbbell,dumbbell,shoulders,core; biceps,dumbbell,per_hand,,none,front_raise,isolation,none_expected,
ex-0336,Dumbbell lunge,upper legs,glutes,quadriceps; hamstrings; calves,dumbbell,dumbbell,glutes,core; hamstrings; calves,dumbbell,per_hand,,none,lunge,compound,none_expected,LOWER_BODY_COMPOUND_PRIMARY_GLUTES_ONLY
ex-1658,Dumbbell lunge with bicep curl,upper arms,biceps,quadriceps; hamstrings,dumbbell,dumbbell,biceps,core; hamstrings,dumbbell,per_hand,,none,lunge,compound,none_expected,
ex-0337,Dumbbell lying extension (across face),upper arms,triceps,shoulders,dumbbell,dumbbell,triceps,core,dumbbell,per_hand,,none,elbow_extension,isolation,none_expected,
ex-1729,Dumbbell lying alternate extension,upper arms,triceps,shoulders,dumbbell,dumbbell,triceps,core,dumbbell,per_hand,,none,elbow_extension,isolation,none_expected,
ex-0338,Dumbbell lying elbow press,upper arms,triceps,chest; shoulders,dumbbell,dumbbell,triceps,core,dumbbell,per_hand,,none,other,unknown,none_expected,
ex-0863,Dumbbell lying external shoulder rotation,shoulders,delts,rotator cuff; triceps,dumbbell,dumbbell,shoulders,core; triceps,dumbbell,per_hand,,none,other,unknown,none_expected,
ex-0339,Dumbbell lying femoral,upper legs,hamstrings,glutes,dumbbell,dumbbell,hamstrings,glutes,dumbbell,per_hand,,none,other,unknown,none_expected,
ex-0340,Dumbbell lying hammer press,chest,pectorals,triceps; shoulders,dumbbell,dumbbell,chest,triceps; core,dumbbell,per_hand,,none,bench_press,compound,none_expected,
ex-2470,Dumbbell lying on floor rear delt raise,shoulders,delts,trapezius; rhomboids,dumbbell,dumbbell,shoulders,core,dumbbell,per_hand,,none,rear_delt,isolation,none_expected,
ex-0341,Dumbbell lying one arm deltoid rear,shoulders,delts,trapezius; rhomboids,dumbbell,dumbbell,shoulders,core,dumbbell,per_hand,,none,other,unknown,none_expected,
ex-0343,Dumbbell lying one arm press,chest,pectorals,triceps; shoulders,dumbbell,dumbbell,chest,triceps; core,dumbbell,per_hand,,none,bench_press,compound,none_expected,
ex-0342,Dumbbell lying one arm press v. 2,chest,pectorals,triceps; shoulders,dumbbell,dumbbell,chest,triceps; core,dumbbell,per_hand,,none,bench_press,compound,none_expected,
ex-0344,Dumbbell lying one arm pronated triceps extension,upper arms,triceps,shoulders,dumbbell,dumbbell,triceps,core,dumbbell,per_hand,,none,elbow_extension,isolation,none_expected,
ex-0345,Dumbbell lying one arm rear lateral raise,shoulders,delts,traps; rhomboids,dumbbell,dumbbell,shoulders,core,dumbbell,per_hand,,none,lateral_raise,isolation,none_expected,
ex-0346,Dumbbell lying one arm supinated triceps extension,upper arms,triceps,forearms,dumbbell,dumbbell,triceps,forearms,dumbbell,per_hand,,none,elbow_extension,isolation,none_expected,
ex-0347,Dumbbell lying pronation,lower arms,forearms,biceps; shoulders,dumbbell,dumbbell,forearms,biceps; core,dumbbell,per_hand,,none,other,unknown,none_expected,
ex-2705,Dumbbell lying pronation on floor,lower arms,forearms,biceps; triceps,dumbbell,dumbbell,forearms,biceps; triceps,dumbbell,per_hand,,none,other,unknown,none_expected,
ex-1284,Dumbbell lying pullover on exercise ball,chest,pectorals,triceps; shoulders; back,dumbbell,dumbbell,chest,triceps; core,dumbbell,per_hand,,none,other,isolation,none_expected,
ex-1328,Dumbbell lying rear delt row,back,upper back,shoulders; biceps,dumbbell,dumbbell,back,core; biceps,dumbbell,per_hand,,none,row,compound,none_expected,
ex-0348,Dumbbell lying rear lateral raise,shoulders,delts,traps; rhomboids,dumbbell,dumbbell,shoulders,core,dumbbell,per_hand,,none,lateral_raise,isolation,none_expected,
ex-1735,Dumbbell lying single extension,upper arms,triceps,shoulders,dumbbell,dumbbell,triceps,core,dumbbell,per_hand,,none,elbow_extension,isolation,none_expected,
ex-0349,Dumbbell lying supination,lower arms,forearms,biceps; shoulders,dumbbell,dumbbell,forearms,biceps; core,dumbbell,per_hand,,none,other,unknown,none_expected,
ex-2706,Dumbbell lying supination on floor,lower arms,forearms,biceps; shoulders,dumbbell,dumbbell,forearms,biceps; core,dumbbell,per_hand,,none,other,unknown,none_expected,
ex-1661,Dumbbell lying supine biceps curl,upper arms,biceps,forearms,dumbbell,dumbbell,biceps,forearms,dumbbell,per_hand,,none,elbow_flexion,isolation,none_expected,
ex-0350,Dumbbell lying supine curl,upper arms,biceps,forearms,dumbbell,dumbbell,biceps,forearms,dumbbell,per_hand,,none,elbow_flexion,isolation,none_expected,
ex-0351,Dumbbell lying triceps extension,upper arms,triceps,shoulders,dumbbell,dumbbell,triceps,core,dumbbell,per_hand,,none,elbow_extension,isolation,none_expected,
ex-1662,Dumbbell lying wide curl,upper arms,biceps,forearms,dumbbell,dumbbell,biceps,forearms,dumbbell,per_hand,,none,elbow_flexion,isolation,none_expected,
ex-0352,Dumbbell neutral grip bench press,upper arms,triceps,chest; shoulders,dumbbell,dumbbell,triceps,core,dumbbell,per_hand,,none,bench_press,compound,none_expected,COMPOUND_SINGLE_MUSCLE_METADATA
ex-1285,Dumbbell one arm bench fly,chest,pectorals,shoulders,dumbbell,dumbbell,chest,core,dumbbell,per_hand,,none,fly,isolation,none_expected,
ex-0292,Dumbbell one arm bent-over row,back,upper back,biceps; forearms,dumbbell,dumbbell,back,biceps; forearms,dumbbell,per_hand,,none,row,compound,none_expected,
ex-1286,Dumbbell one arm chest fly on exercise ball,chest,pectorals,shoulders; triceps,dumbbell,dumbbell,chest,core; triceps,dumbbell,per_hand,,none,fly,isolation,none_expected,
ex-0353,Dumbbell one arm concentration curl (on stability ball),upper arms,biceps,forearms,dumbbell,dumbbell,biceps,forearms,dumbbell,per_hand,,none,elbow_flexion,isolation,none_expected,
ex-1287,Dumbbell one arm decline chest press,chest,pectorals,triceps; shoulders,dumbbell,dumbbell,chest,triceps; core,dumbbell,per_hand,,none,decline_press,compound,none_expected,
ex-1288,Dumbbell one arm fly on exercise ball,chest,pectorals,shoulders; triceps,dumbbell,dumbbell,chest,core; triceps,dumbbell,per_hand,,none,fly,isolation,none_expected,
ex-1736,Dumbbell one arm french press on exercise ball,upper arms,triceps,shoulders,dumbbell,dumbbell,triceps,core,dumbbell,per_hand,,none,elbow_extension,isolation,none_expected,
ex-1663,Dumbbell one arm hammer preacher curl,upper arms,biceps,forearms,dumbbell,dumbbell,biceps,forearms,dumbbell,per_hand,,none,elbow_flexion,isolation,none_expected,
ex-1621,Dumbbell one arm hammer press on exercise ball,upper arms,triceps,shoulders; chest,dumbbell,dumbbell,triceps,core,dumbbell,per_hand,,none,other,unknown,none_expected,
ex-1289,Dumbbell one arm incline chest press,chest,pectorals,shoulders; triceps,dumbbell,dumbbell,chest,core; triceps,dumbbell,per_hand,,none,incline_press,compound,none_expected,
ex-0354,Dumbbell one arm kickback,upper arms,triceps,shoulders,dumbbell,dumbbell,triceps,core,dumbbell,per_hand,,none,elbow_extension,isolation,none_expected,
ex-0355,Dumbbell one arm lateral raise,shoulders,delts,trapezius; triceps,dumbbell,dumbbell,shoulders,core; triceps,dumbbell,per_hand,,none,lateral_raise,isolation,none_expected,
ex-0356,Dumbbell one arm lateral raise with support,shoulders,delts,trapezius; rotator cuff,dumbbell,dumbbell,shoulders,core,dumbbell,per_hand,,none,lateral_raise,isolation,none_expected,
ex-1290,Dumbbell one arm press on exercise ball,chest,pectorals,shoulders; triceps; core,dumbbell,dumbbell,chest,core; triceps,dumbbell,per_hand,,none,bench_press,compound,none_expected,
ex-1665,Dumbbell one arm prone curl,upper arms,biceps,forearms,dumbbell,dumbbell,biceps,forearms,dumbbell,per_hand,,none,elbow_flexion,isolation,none_expected,
ex-1666,Dumbbell one arm prone hammer curl,upper arms,biceps,forearms,dumbbell,dumbbell,biceps,forearms,dumbbell,per_hand,,none,elbow_flexion,isolation,none_expected,
ex-1291,Dumbbell one arm pullover on exercise ball,chest,pectorals,triceps; latissimus dorsi; rhomboids,dumbbell,dumbbell,chest,triceps; core,dumbbell,per_hand,,none,other,isolation,none_expected,
ex-0358,Dumbbell one arm reverse wrist curl,lower arms,forearms,wrist extensors,dumbbell,dumbbell,forearms,core,dumbbell,per_hand,,none,elbow_flexion,isolation,none_expected,
ex-0359,Dumbbell one arm reverse fly (with support),shoulders,delts,trapezius; rhomboids,dumbbell,dumbbell,shoulders,core,dumbbell,per_hand,,none,rear_delt,isolation,none_expected,
ex-1622,Dumbbell one arm reverse grip press,chest,pectorals,triceps; shoulders,dumbbell,dumbbell,chest,triceps; core,dumbbell,per_hand,,none,bench_press,compound,none_expected,
ex-1414,Dumbbell one arm reverse preacher curl,upper arms,biceps,forearms,dumbbell,dumbbell,biceps,forearms,dumbbell,per_hand,,none,elbow_flexion,isolation,none_expected,
ex-1667,Dumbbell one arm reverse spider curl,upper arms,biceps,forearms,dumbbell,dumbbell,biceps,forearms,dumbbell,per_hand,,none,elbow_flexion,isolation,none_expected,
ex-1668,Dumbbell one arm seated bicep curl on exercise ball,upper arms,biceps,forearms,dumbbell,dumbbell,biceps,forearms,dumbbell,per_hand,,none,elbow_flexion,isolation,none_expected,
ex-1669,Dumbbell one arm seated hammer curl,upper arms,biceps,forearms,dumbbell,dumbbell,biceps,forearms,dumbbell,per_hand,,none,elbow_flexion,isolation,none_expected,
ex-1415,Dumbbell one arm seated neutral wrist curl,lower arms,forearms,biceps; brachialis,dumbbell,dumbbell,forearms,biceps; core,dumbbell,per_hand,,none,elbow_flexion,isolation,none_expected,
ex-0361,Dumbbell one arm shoulder press,shoulders,delts,triceps; upper back,dumbbell,dumbbell,shoulders,triceps; back,dumbbell,per_hand,,none,vertical_press,compound,none_expected,
ex-0360,Dumbbell one arm shoulder press v. 2,shoulders,delts,triceps; upper back,dumbbell,dumbbell,shoulders,triceps; back,dumbbell,per_hand,,none,vertical_press,compound,none_expected,
ex-3888,Dumbbell one arm snatch,upper legs,glutes,hamstrings; quadriceps; core,dumbbell,dumbbell,glutes,hamstrings; core,dumbbell,per_hand,,none,other,unknown,none_expected,
ex-1670,Dumbbell one arm standing curl,upper arms,biceps,forearms,dumbbell,dumbbell,biceps,forearms,dumbbell,per_hand,,none,elbow_flexion,isolation,none_expected,
ex-1671,Dumbbell one arm standing hammer curl,upper arms,biceps,forearms,dumbbell,dumbbell,biceps,forearms,dumbbell,per_hand,,none,elbow_flexion,isolation,none_expected,
ex-0362,Dumbbell one arm triceps extension (on bench),upper arms,triceps,shoulders,dumbbell,dumbbell,triceps,core,dumbbell,per_hand,,none,elbow_extension,isolation,none_expected,
ex-0363,Dumbbell one arm upright row,shoulders,delts,traps; biceps,dumbbell,dumbbell,shoulders,core; biceps,dumbbell,per_hand,,none,row,compound,none_expected,
ex-0364,Dumbbell one arm wrist curl,lower arms,forearms,biceps; brachialis,dumbbell,dumbbell,forearms,biceps; core,dumbbell,per_hand,,none,elbow_flexion,isolation,none_expected,
ex-1672,Dumbbell one arm zottman preacher curl,upper arms,biceps,forearms,dumbbell,dumbbell,biceps,forearms,dumbbell,per_hand,,none,elbow_flexion,isolation,none_expected,
ex-1292,Dumbbell one leg fly on exercise ball,chest,pectorals,shoulders; triceps,dumbbell,dumbbell,chest,core; triceps,dumbbell,per_hand,,none,fly,isolation,none_expected,
ex-0365,Dumbbell over bench neutral wrist curl,upper arms,biceps,forearms,dumbbell,dumbbell,biceps,forearms,dumbbell,per_hand,,none,elbow_flexion,isolation,none_expected,
ex-0366,Dumbbell over bench one arm neutral wrist curl,upper arms,biceps,forearms,dumbbell,dumbbell,biceps,forearms,dumbbell,per_hand,,none,elbow_flexion,isolation,none_expected,
ex-1441,Dumbbell over bench one arm reverse wrist curl,lower arms,forearms,biceps; brachialis,dumbbell,dumbbell,forearms,biceps; core,dumbbell,per_hand,,none,elbow_flexion,isolation,none_expected,
ex-0367,Dumbbell over bench one arm wrist curl,lower arms,forearms,biceps; shoulders,dumbbell,dumbbell,forearms,biceps; core,dumbbell,per_hand,,none,elbow_flexion,isolation,none_expected,
ex-0368,Dumbbell over bench revers wrist curl,lower arms,forearms,biceps; brachialis,dumbbell,dumbbell,forearms,biceps; core,dumbbell,per_hand,,none,elbow_flexion,isolation,none_expected,
ex-0369,Dumbbell over bench wrist curl,lower arms,forearms,biceps; brachialis,dumbbell,dumbbell,forearms,biceps; core,dumbbell,per_hand,,none,elbow_flexion,isolation,none_expected,
ex-1329,Dumbbell palm rotational bent over row,back,upper back,biceps; forearms,dumbbell,dumbbell,back,biceps; forearms,dumbbell,per_hand,,none,row,compound,none_expected,
ex-1623,Dumbbell palms in incline bench press,upper arms,triceps,chest; shoulders,dumbbell,dumbbell,triceps,core,dumbbell,per_hand,,none,incline_press,compound,none_expected,COMPOUND_SINGLE_MUSCLE_METADATA
ex-0370,Dumbbell peacher hammer curl,upper arms,biceps,forearms,dumbbell,dumbbell,biceps,forearms,dumbbell,per_hand,,none,elbow_flexion,isolation,none_expected,
ex-0371,Dumbbell plyo squat,upper legs,glutes,quadriceps; hamstrings; calves,dumbbell,dumbbell,glutes,core; hamstrings; calves,dumbbell,per_hand,,none,squat,compound,none_expected,LOWER_BODY_COMPOUND_PRIMARY_GLUTES_ONLY
ex-0372,Dumbbell preacher curl,upper arms,biceps,forearms,dumbbell,dumbbell,biceps,forearms,dumbbell,per_hand,,none,elbow_flexion,isolation,none_expected,
ex-1673,Dumbbell preacher curl over exercise ball,upper arms,biceps,forearms,dumbbell,dumbbell,biceps,forearms,dumbbell,per_hand,,none,elbow_flexion,isolation,none_expected,
ex-1293,Dumbbell press on exercise ball,chest,pectorals,shoulders; triceps,dumbbell,dumbbell,chest,core; triceps,dumbbell,per_hand,,none,bench_press,compound,none_expected,
ex-0373,Dumbbell pronate-grip triceps extension,upper arms,triceps,forearms,dumbbell,dumbbell,triceps,forearms,dumbbell,per_hand,,none,elbow_extension,isolation,none_expected,
ex-0374,Dumbbell prone incline curl,upper arms,biceps,forearms,dumbbell,dumbbell,biceps,forearms,dumbbell,per_hand,,none,elbow_flexion,isolation,none_expected,
ex-1674,Dumbbell prone incline hammer curl,upper arms,biceps,forearms,dumbbell,dumbbell,biceps,forearms,dumbbell,per_hand,,none,elbow_flexion,isolation,none_expected,
ex-0375,Dumbbell pullover,chest,pectorals,latissimus dorsi; triceps,dumbbell,dumbbell,chest,core; triceps,dumbbell,per_hand,,none,other,isolation,none_expected,
ex-1294,Dumbbell pullover hip extension on exercise ball,chest,pectorals,triceps; shoulders; core,dumbbell,dumbbell,chest,triceps; core,dumbbell,per_hand,,none,elbow_extension,isolation,none_expected,
ex-1295,Dumbbell pullover on exercise ball,chest,pectorals,triceps; latissimus dorsi,dumbbell,dumbbell,chest,triceps; core,dumbbell,per_hand,,none,other,isolation,none_expected,
ex-1700,Dumbbell push press,shoulders,delts,triceps; core,dumbbell,dumbbell,shoulders,triceps; core,dumbbell,per_hand,,none,vertical_press,compound,none_expected,
ex-0376,Dumbbell raise,shoulders,delts,traps; rhomboids,dumbbell,dumbbell,shoulders,core,dumbbell,per_hand,,none,other,isolation,none_expected,
ex-2292,Dumbbell rear delt raise,shoulders,delts,trapezius; rhomboids,dumbbell,dumbbell,shoulders,core,dumbbell,per_hand,,none,rear_delt,isolation,none_expected,
ex-0377,Dumbbell rear delt row_shoulder,shoulders,delts,trapezius; rhomboids,dumbbell,dumbbell,shoulders,core,dumbbell,per_hand,,none,rear_delt,isolation,none_expected,
ex-0378,Dumbbell rear fly,shoulders,delts,trapezius; rhomboids,dumbbell,dumbbell,shoulders,core,dumbbell,per_hand,,none,fly,isolation,none_expected,
ex-0380,Dumbbell rear lateral raise,shoulders,delts,traps; rhomboids,dumbbell,dumbbell,shoulders,core,dumbbell,per_hand,,none,lateral_raise,isolation,none_expected,
ex-0379,Dumbbell rear lateral raise (support head),shoulders,delts,traps; rhomboids,dumbbell,dumbbell,shoulders,core,dumbbell,per_hand,,none,lateral_raise,isolation,none_expected,
ex-0381,Dumbbell rear lunge,upper legs,glutes,quadriceps; hamstrings; calves,dumbbell,dumbbell,glutes,core; hamstrings; calves,dumbbell,per_hand,,none,lunge,compound,none_expected,LOWER_BODY_COMPOUND_PRIMARY_GLUTES_ONLY
ex-0382,Dumbbell revers grip biceps curl,upper arms,biceps,forearms,dumbbell,dumbbell,biceps,forearms,dumbbell,per_hand,,none,elbow_flexion,isolation,none_expected,
ex-1624,Dumbbell reverse bench press,chest,pectorals,triceps; shoulders,dumbbell,dumbbell,chest,triceps; core,dumbbell,per_hand,,none,bench_press,compound,none_expected,
ex-0383,Dumbbell reverse fly,shoulders,delts,trapezius; rhomboids,dumbbell,dumbbell,shoulders,core,dumbbell,per_hand,,none,rear_delt,isolation,none_expected,
ex-1330,Dumbbell reverse grip incline bench one arm row,back,upper back,biceps; shoulders,dumbbell,dumbbell,back,biceps; core,dumbbell,per_hand,,none,row,compound,none_expected,
ex-1331,Dumbbell reverse grip incline bench two arm row,back,upper back,biceps; forearms,dumbbell,dumbbell,back,biceps; forearms,dumbbell,per_hand,,none,row,compound,none_expected,
ex-2327,Dumbbell reverse grip row (female),back,upper back,biceps; forearms,dumbbell,dumbbell,back,biceps; forearms,dumbbell,per_hand,,none,row,compound,none_expected,
ex-0384,Dumbbell reverse preacher curl,upper arms,biceps,forearms,dumbbell,dumbbell,biceps,forearms,dumbbell,per_hand,,none,elbow_flexion,isolation,none_expected,
ex-1675,Dumbbell reverse spider curl,upper arms,biceps,forearms,dumbbell,dumbbell,biceps,forearms,dumbbell,per_hand,,none,elbow_flexion,isolation,none_expected,
ex-0385,Dumbbell reverse wrist curl,lower arms,forearms,biceps; brachialis,dumbbell,dumbbell,forearms,biceps; core,dumbbell,per_hand,,none,elbow_flexion,isolation,none_expected,
ex-1459,Dumbbell romanian deadlift,upper legs,glutes,hamstrings; lower back,dumbbell,dumbbell,glutes,hamstrings; core,dumbbell,per_hand,,none,romanian_deadlift,compound,none_expected,
ex-0386,Dumbbell rotation reverse fly,shoulders,delts,trapezius; rhomboids,dumbbell,dumbbell,shoulders,core,dumbbell,per_hand,,none,rear_delt,isolation,none_expected,
ex-2397,Dumbbell scott press,shoulders,delts,triceps; chest,dumbbell,dumbbell,shoulders,triceps; core,dumbbell,per_hand,,none,other,unknown,none_expected,
ex-0387,Dumbbell seated alternate front raise,shoulders,delts,trapezius; biceps,dumbbell,dumbbell,shoulders,core; biceps,dumbbell,per_hand,,none,front_raise,isolation,none_expected,
ex-1676,Dumbbell seated alternate hammer curl on exercise ball,upper arms,biceps,forearms,dumbbell,dumbbell,biceps,forearms,dumbbell,per_hand,,none,elbow_flexion,isolation,none_expected,
ex-0388,Dumbbell seated alternate press,shoulders,delts,triceps; chest,dumbbell,dumbbell,shoulders,triceps; core,dumbbell,per_hand,,none,other,unknown,none_expected,
ex-3546,Dumbbell seated alternate shoulder,shoulders,delts,triceps; upper back,dumbbell,dumbbell,shoulders,triceps; back,dumbbell,per_hand,,none,other,unknown,none_expected,
ex-0389,Dumbbell seated bench extension,upper arms,triceps,shoulders,dumbbell,dumbbell,triceps,core,dumbbell,per_hand,,none,elbow_extension,isolation,none_expected,
ex-2317,Dumbbell seated bent arm lateral raise,shoulders,delts,trapezius; rhomboids,dumbbell,dumbbell,shoulders,core,dumbbell,per_hand,,none,lateral_raise,isolation,none_expected,
ex-1730,Dumbbell seated bent over alternate kickback,upper arms,triceps,shoulders; back,dumbbell,dumbbell,triceps,core,dumbbell,per_hand,,none,elbow_extension,isolation,none_expected,
ex-1737,Dumbbell seated bent over triceps extension,upper arms,triceps,shoulders; back,dumbbell,dumbbell,triceps,core,dumbbell,per_hand,,none,elbow_extension,isolation,none_expected,
ex-1677,Dumbbell seated bicep curl,upper arms,biceps,forearms,dumbbell,dumbbell,biceps,forearms,dumbbell,per_hand,,none,elbow_flexion,isolation,none_expected,
ex-0390,Dumbbell seated biceps curl (on stability ball),upper arms,biceps,forearms,dumbbell,dumbbell,biceps,forearms,dumbbell,per_hand,,none,elbow_flexion,isolation,none_expected,
ex-3547,Dumbbell seated biceps curl to shoulder press,upper arms,biceps,shoulders,dumbbell,dumbbell,biceps,core,dumbbell,per_hand,,none,vertical_press,compound,none_expected,COMPOUND_SINGLE_MUSCLE_METADATA
ex-1379,Dumbbell seated calf raise,lower legs,calves,hamstrings,dumbbell,dumbbell,calves,hamstrings,dumbbell,per_hand,,none,calf_raise,isolation,none_expected,
ex-0391,Dumbbell seated curl,upper arms,biceps,forearms,dumbbell,dumbbell,biceps,forearms,dumbbell,per_hand,,none,elbow_flexion,isolation,none_expected,
ex-0392,Dumbbell seated front raise,shoulders,delts,trapezius; biceps,dumbbell,dumbbell,shoulders,core; biceps,dumbbell,per_hand,,none,front_raise,isolation,none_expected,
ex-1678,Dumbbell seated hammer curl,upper arms,biceps,forearms,dumbbell,dumbbell,biceps,forearms,dumbbell,per_hand,,none,elbow_flexion,isolation,none_expected,
ex-0393,Dumbbell seated inner biceps curl,upper arms,biceps,forearms,dumbbell,dumbbell,biceps,forearms,dumbbell,per_hand,,none,elbow_flexion,isolation,none_expected,
ex-0394,Dumbbell seated kickback,upper arms,triceps,shoulders,dumbbell,dumbbell,triceps,core,dumbbell,per_hand,,none,elbow_extension,isolation,none_expected,
ex-0396,Dumbbell seated lateral raise,shoulders,delts,traps; upper back,dumbbell,dumbbell,shoulders,core; back,dumbbell,per_hand,,none,lateral_raise,isolation,none_expected,
ex-0395,Dumbbell seated lateral raise v. 2,shoulders,delts,traps; triceps,dumbbell,dumbbell,shoulders,core; triceps,dumbbell,per_hand,,none,lateral_raise,isolation,none_expected,
ex-0397,Dumbbell seated neutral wrist curl,upper arms,biceps,forearms,dumbbell,dumbbell,biceps,forearms,dumbbell,per_hand,,none,elbow_flexion,isolation,none_expected,
ex-1679,Dumbbell seated one arm bicep curl on exercise ball with leg raised,upper arms,biceps,forearms; shoulders,dumbbell,dumbbell,biceps,forearms; core,dumbbell,per_hand,,none,elbow_flexion,isolation,none_expected,
ex-0398,Dumbbell seated one arm kickback,upper arms,triceps,shoulders,dumbbell,dumbbell,triceps,core,dumbbell,per_hand,,none,elbow_extension,isolation,none_expected,
ex-0399,Dumbbell seated one arm rotate,lower arms,forearms,shoulders; biceps,dumbbell,dumbbell,forearms,core; biceps,dumbbell,per_hand,,none,other,unknown,none_expected,
ex-0400,Dumbbell seated one leg calf raise,lower legs,calves,hamstrings; glutes,dumbbell,dumbbell,calves,hamstrings; glutes,dumbbell,per_hand,,none,calf_raise,isolation,none_expected,
ex-1380,Dumbbell seated one leg calf raise - hammer grip,lower legs,calves,hamstrings; glutes,dumbbell,dumbbell,calves,hamstrings; glutes,dumbbell,per_hand,,none,calf_raise,isolation,none_expected,
ex-1381,Dumbbell seated one leg calf raise - palm up,lower legs,calves,hamstrings; glutes,dumbbell,dumbbell,calves,hamstrings; glutes,dumbbell,per_hand,,none,calf_raise,isolation,none_expected,
ex-0401,Dumbbell seated palms up wrist curl,lower arms,forearms,biceps; shoulders,dumbbell,dumbbell,forearms,biceps; core,dumbbell,per_hand,,none,elbow_flexion,isolation,none_expected,
ex-0402,Dumbbell seated preacher curl,upper arms,biceps,forearms,dumbbell,dumbbell,biceps,forearms,dumbbell,per_hand,,none,elbow_flexion,isolation,none_expected,
ex-0403,Dumbbell seated revers grip concentration curl,upper arms,biceps,forearms,dumbbell,dumbbell,biceps,forearms,dumbbell,per_hand,,none,elbow_flexion,isolation,none_expected,
ex-1738,Dumbbell seated reverse grip one arm overhead tricep extension,upper arms,triceps,shoulders,dumbbell,dumbbell,triceps,core,dumbbell,per_hand,,none,elbow_extension,isolation,none_expected,
ex-0405,Dumbbell seated shoulder press,shoulders,delts,triceps; upper back,dumbbell,dumbbell,shoulders,triceps; back,dumbbell,per_hand,,none,vertical_press,compound,none_expected,
ex-0404,Dumbbell seated shoulder press (parallel grip),shoulders,delts,triceps; upper back,dumbbell,dumbbell,shoulders,triceps; back,dumbbell,per_hand,,none,vertical_press,compound,none_expected,
ex-2188,Dumbbell seated triceps extension,upper arms,triceps,shoulders,dumbbell,dumbbell,triceps,core,dumbbell,per_hand,,none,elbow_extension,isolation,none_expected,
ex-0406,Dumbbell shrug,back,traps,shoulders,dumbbell,dumbbell,back,core,dumbbell,per_hand,,none,other,isolation,none_expected,UNMAPPED_TARGET
ex-0407,Dumbbell side bend,waist,abs,obliques,dumbbell,dumbbell,core,,dumbbell,per_hand,,none,core,unknown,none_expected,SECONDARY_DUPLICATES_PRIMARY
ex-0408,Dumbbell side lying one hand raise,shoulders,delts,trapezius; rhomboids,dumbbell,dumbbell,shoulders,core,dumbbell,per_hand,,none,other,isolation,none_expected,
ex-3664,Dumbbell side plank with rear fly,back,upper back,shoulders; core,dumbbell,dumbbell,back,core,dumbbell,per_hand,,none,fly,isolation,none_expected,
ex-3548,Dumbbell single arm overhead carry,shoulders,delts,traps; core,dumbbell,dumbbell,shoulders,core,dumbbell,per_hand,,none,carry,unknown,none_expected,
ex-0409,Dumbbell single leg calf raise,lower legs,calves,ankles,dumbbell,dumbbell,calves,core,dumbbell,per_hand,,none,calf_raise,isolation,none_expected,
ex-1757,Dumbbell single leg deadlift,upper legs,glutes,hamstrings; lower back,dumbbell,dumbbell,glutes,hamstrings; core,dumbbell,per_hand,,none,deadlift,compound,none_expected,
ex-2805,Dumbbell single leg deadlift with stepbox support,upper legs,glutes,hamstrings; lower back,dumbbell,dumbbell,glutes,hamstrings; core,dumbbell,per_hand,,none,deadlift,compound,none_expected,
ex-0410,Dumbbell single leg split squat,upper legs,quads,glutes; hamstrings; calves,dumbbell,dumbbell,quadriceps,glutes; hamstrings; calves,dumbbell,per_hand,,none,split_squat,compound,none_expected,LOWER_BODY_COMPOUND_PRIMARY_QUADRICEPS_ONLY
ex-0411,Dumbbell single leg squat,upper legs,glutes,quadriceps; hamstrings; calves,dumbbell,dumbbell,glutes,core; hamstrings; calves,dumbbell,per_hand,,none,squat,compound,none_expected,LOWER_BODY_COMPOUND_PRIMARY_GLUTES_ONLY
ex-0413,Dumbbell squat,upper legs,glutes,quadriceps; hamstrings; calves,dumbbell,dumbbell,glutes,core; hamstrings; calves,dumbbell,per_hand,,none,squat,compound,none_expected,LOWER_BODY_COMPOUND_PRIMARY_GLUTES_ONLY
ex-3560,Dumbbell standing alternate hammer curl and press,upper arms,biceps,forearms; shoulders,dumbbell,dumbbell,biceps,forearms; core,dumbbell,per_hand,,none,elbow_flexion,isolation,none_expected,
ex-0414,Dumbbell standing alternate overhead press,shoulders,delts,triceps; core,dumbbell,dumbbell,shoulders,triceps; core,dumbbell,per_hand,,none,vertical_press,compound,none_expected,
ex-0415,Dumbbell standing alternate raise,shoulders,delts,traps; forearms,dumbbell,dumbbell,shoulders,core; forearms,dumbbell,per_hand,,none,other,isolation,none_expected,
ex-1739,Dumbbell standing alternating tricep kickback,upper arms,triceps,shoulders,dumbbell,dumbbell,triceps,core,dumbbell,per_hand,,none,elbow_extension,isolation,none_expected,
ex-2143,Dumbbell standing around world,shoulders,delts,triceps; forearms,dumbbell,dumbbell,shoulders,triceps; forearms,dumbbell,per_hand,,none,other,unknown,none_expected,
ex-1740,Dumbbell standing bent over one arm triceps extension,upper arms,triceps,shoulders; back,dumbbell,dumbbell,triceps,core,dumbbell,per_hand,,none,elbow_extension,isolation,none_expected,
ex-1741,Dumbbell standing bent over two arm triceps extension,upper arms,triceps,shoulders; back,dumbbell,dumbbell,triceps,core,dumbbell,per_hand,,none,elbow_extension,isolation,none_expected,
ex-0416,Dumbbell standing biceps curl,upper arms,biceps,forearms,dumbbell,dumbbell,biceps,forearms,dumbbell,per_hand,,none,elbow_flexion,isolation,none_expected,
ex-0417,Dumbbell standing calf raise,lower legs,calves,ankles,dumbbell,dumbbell,calves,core,dumbbell,per_hand,,none,calf_raise,isolation,none_expected,
ex-0418,Dumbbell standing concentration curl,upper arms,biceps,forearms,dumbbell,dumbbell,biceps,forearms,dumbbell,per_hand,,none,elbow_flexion,isolation,none_expected,
ex-0419,Dumbbell standing front raise above head,shoulders,delts,trapezius; biceps,dumbbell,dumbbell,shoulders,core; biceps,dumbbell,per_hand,,none,front_raise,isolation,none_expected,
ex-2321,Dumbbell standing inner biceps curl v. 2,upper arms,biceps,forearms,dumbbell,dumbbell,biceps,forearms,dumbbell,per_hand,,none,elbow_flexion,isolation,none_expected,
ex-0420,Dumbbell standing kickback,upper arms,triceps,shoulders,dumbbell,dumbbell,triceps,core,dumbbell,per_hand,,none,elbow_extension,isolation,none_expected,
ex-0421,Dumbbell standing one arm concentration curl,upper arms,biceps,forearms,dumbbell,dumbbell,biceps,forearms,dumbbell,per_hand,,none,elbow_flexion,isolation,none_expected,
ex-0422,Dumbbell standing one arm curl (over incline bench),upper arms,biceps,forearms,dumbbell,dumbbell,biceps,forearms,dumbbell,per_hand,,none,elbow_flexion,isolation,none_expected,
ex-1680,Dumbbell standing one arm curl over incline bench,upper arms,biceps,forearms,dumbbell,dumbbell,biceps,forearms,dumbbell,per_hand,,none,elbow_flexion,isolation,none_expected,
ex-0423,Dumbbell standing one arm extension,upper arms,triceps,shoulders,dumbbell,dumbbell,triceps,core,dumbbell,per_hand,,none,elbow_extension,isolation,none_expected,
ex-0424,Dumbbell standing one arm palm in press,shoulders,delts,triceps; core,dumbbell,dumbbell,shoulders,triceps; core,dumbbell,per_hand,,none,other,unknown,none_expected,
ex-0425,Dumbbell standing one arm reverse curl,upper arms,biceps,forearms,dumbbell,dumbbell,biceps,forearms,dumbbell,per_hand,,none,elbow_flexion,isolation,none_expected,
ex-0426,Dumbbell standing overhead press,shoulders,delts,triceps; upper back,dumbbell,dumbbell,shoulders,triceps; back,dumbbell,per_hand,,none,vertical_press,compound,none_expected,
ex-0427,Dumbbell standing palms in press,shoulders,delts,triceps; chest,dumbbell,dumbbell,shoulders,triceps; core,dumbbell,per_hand,,none,other,unknown,none_expected,
ex-0428,Dumbbell standing preacher curl,upper arms,biceps,forearms,dumbbell,dumbbell,biceps,forearms,dumbbell,per_hand,,none,elbow_flexion,isolation,none_expected,
ex-0429,Dumbbell standing reverse curl,upper arms,biceps,forearms,dumbbell,dumbbell,biceps,forearms,dumbbell,per_hand,,none,elbow_flexion,isolation,none_expected,
ex-0430,Dumbbell standing triceps extension,upper arms,triceps,shoulders,dumbbell,dumbbell,triceps,core,dumbbell,per_hand,,none,elbow_extension,isolation,none_expected,
ex-2293,Dumbbell standing zottman preacher curl,upper arms,biceps,forearms,dumbbell,dumbbell,biceps,forearms,dumbbell,per_hand,,none,elbow_flexion,isolation,none_expected,
ex-1684,Dumbbell step up single leg balance with bicep curl,upper arms,biceps,quadriceps; glutes; hamstrings,dumbbell,dumbbell,biceps,core; glutes; hamstrings,dumbbell,per_hand,,none,step_up,compound,none_expected,
ex-0431,Dumbbell step-up,upper legs,glutes,quadriceps; hamstrings; calves,dumbbell,dumbbell,glutes,core; hamstrings; calves,dumbbell,per_hand,,none,step_up,compound,none_expected,LOWER_BODY_COMPOUND_PRIMARY_GLUTES_ONLY
ex-2796,Dumbbell step-up lunge,upper legs,quads,glutes; hamstrings; calves,dumbbell,dumbbell,quadriceps,glutes; hamstrings; calves,dumbbell,per_hand,,none,lunge,compound,none_expected,LOWER_BODY_COMPOUND_PRIMARY_QUADRICEPS_ONLY
ex-2812,Dumbbell step-up split squat,upper legs,quads,glutes; hamstrings; calves,dumbbell,dumbbell,quadriceps,glutes; hamstrings; calves,dumbbell,per_hand,,none,split_squat,compound,none_expected,LOWER_BODY_COMPOUND_PRIMARY_QUADRICEPS_ONLY
ex-0432,Dumbbell stiff leg deadlift,upper legs,glutes,hamstrings; lower back,dumbbell,dumbbell,glutes,hamstrings; core,dumbbell,per_hand,,none,romanian_deadlift,compound,none_expected,
ex-0433,Dumbbell straight arm pullover,chest,pectorals,latissimus dorsi; triceps,dumbbell,dumbbell,chest,core; triceps,dumbbell,per_hand,,none,other,isolation,none_expected,
ex-0434,Dumbbell straight leg deadlift,upper legs,glutes,hamstrings; lower back,dumbbell,dumbbell,glutes,hamstrings; core,dumbbell,per_hand,,none,romanian_deadlift,compound,none_expected,
ex-2808,Dumbbell sumo pull through,upper legs,glutes,hamstrings; quadriceps; core,dumbbell,dumbbell,glutes,hamstrings; core,dumbbell,per_hand,,none,other,unknown,none_expected,
ex-2803,Dumbbell supported squat,upper legs,quads,glutes; hamstrings; calves,dumbbell,dumbbell,quadriceps,glutes; hamstrings; calves,dumbbell,per_hand,,none,squat,compound,none_expected,LOWER_BODY_COMPOUND_PRIMARY_QUADRICEPS_ONLY
ex-0436,Dumbbell tate press,upper arms,triceps,shoulders,dumbbell,dumbbell,triceps,core,dumbbell,per_hand,,none,other,unknown,none_expected,
ex-1742,Dumbbell tricep kickback with stork stance,upper arms,triceps,shoulders,dumbbell,dumbbell,triceps,core,dumbbell,per_hand,,none,elbow_extension,isolation,none_expected,
ex-1743,Dumbbell twisting bench press,upper arms,triceps,chest; shoulders,dumbbell,dumbbell,triceps,core,dumbbell,per_hand,,none,bench_press,compound,none_expected,COMPOUND_SINGLE_MUSCLE_METADATA
ex-0437,Dumbbell upright row,shoulders,delts,traps; biceps,dumbbell,dumbbell,shoulders,core; biceps,dumbbell,per_hand,,none,row,compound,none_expected,
ex-1765,Dumbbell upright row (back pov),shoulders,delts,traps; biceps,dumbbell,dumbbell,shoulders,core; biceps,dumbbell,per_hand,,none,row,compound,none_expected,
ex-0864,Dumbbell upright shoulder external rotation,shoulders,delts,rotator cuff; trapezius,dumbbell,dumbbell,shoulders,core,dumbbell,per_hand,,none,other,unknown,none_expected,
ex-5201,Dumbbell waiter biceps curl,upper arms,biceps,forearms; shoulders,dumbbell,dumbbell,biceps,forearms; core,dumbbell,per_hand,,none,elbow_flexion,isolation,none_expected,
ex-0438,Dumbbell w-press,shoulders,delts,triceps; chest,dumbbell,dumbbell,shoulders,triceps; core,dumbbell,per_hand,,none,other,unknown,none_expected,
ex-0439,Dumbbell zottman curl,upper arms,biceps,forearms,dumbbell,dumbbell,biceps,forearms,dumbbell,per_hand,,none,elbow_flexion,isolation,none_expected,
ex-2294,Dumbbell zottman preacher curl,upper arms,biceps,forearms,dumbbell,dumbbell,biceps,forearms,dumbbell,per_hand,,none,elbow_flexion,isolation,none_expected,
ex-2189,Dumbbells seated triceps extension,upper arms,triceps,shoulders,dumbbell,dumbbell,triceps,core,dumbbell,per_hand,,none,elbow_extension,isolation,none_expected,
ex-1167,Dynamic chest stretch (male),chest,pectorals,shoulders; triceps,body weight,bodyweight,chest,core; triceps,bodyweight,added_weight,,none,other,unknown,none_expected,
ex-3287,Elbow dips,upper arms,triceps,chest; shoulders,body weight,bodyweight,triceps,core,bodyweight,added_weight,,none,elbow_extension,compound,none_expected,COMPOUND_SINGLE_MUSCLE_METADATA
ex-1772,Elbow lift - reverse push-up,back,upper back,triceps; shoulders,body weight,bodyweight,back,triceps; core,bodyweight,added_weight,,none,bench_press,compound,none_expected,
ex-0443,Elbow-to-knee,waist,abs,obliques,body weight,bodyweight,core,,bodyweight,added_weight,,none,core,unknown,none_expected,SECONDARY_DUPLICATES_PRIMARY
ex-3292,Elevator,back,upper back,shoulders; trapezius,body weight,bodyweight,back,core,bodyweight,added_weight,,none,other,unknown,none_expected,
ex-1332,Exercise ball alternating arm ups,back,lats,shoulders; core,stability ball,other,back,core,other,total,,none,other,unknown,none_expected,UNMAPPED_EQUIPMENT
ex-1333,Exercise ball back extension with arms extended,back,spine,glutes; hamstrings,stability ball,other,back,glutes; hamstrings,other,total,,none,elbow_extension,isolation,none_expected,UNMAPPED_EQUIPMENT
ex-1334,Exercise ball back extension with hands behind head,back,spine,glutes; hamstrings,stability ball,other,back,glutes; hamstrings,other,total,,none,elbow_extension,isolation,none_expected,UNMAPPED_EQUIPMENT
ex-1335,Exercise ball back extension with knees off ground,back,spine,glutes; hamstrings,stability ball,other,back,glutes; hamstrings,other,total,,none,elbow_extension,isolation,none_expected,UNMAPPED_EQUIPMENT
ex-1336,Exercise ball back extension with rotation,back,spine,glutes; hamstrings,stability ball,other,back,glutes; hamstrings,other,total,,none,elbow_extension,isolation,none_expected,UNMAPPED_EQUIPMENT
ex-1744,Exercise ball dip,upper arms,triceps,chest; shoulders,stability ball,other,triceps,core,other,total,,none,elbow_extension,compound,none_expected,UNMAPPED_EQUIPMENT; COMPOUND_SINGLE_MUSCLE_METADATA
ex-1559,Exercise ball hip flexor stretch,upper legs,glutes,quadriceps; hamstrings,stability ball,other,glutes,core; hamstrings,other,total,,none,other,unknown,none_expected,UNMAPPED_EQUIPMENT
ex-1338,Exercise ball hug,back,spine,shoulders; chest,stability ball,other,back,core,other,total,,none,other,unknown,none_expected,UNMAPPED_EQUIPMENT
ex-1339,Exercise ball lat stretch,back,lats,shoulders; triceps,stability ball,other,back,core; triceps,other,total,,none,other,unknown,none_expected,UNMAPPED_EQUIPMENT
ex-1341,Exercise ball lower back stretch (pyramid),back,lats,glutes; hamstrings,stability ball,other,back,glutes; hamstrings,other,total,,none,other,unknown,none_expected,UNMAPPED_EQUIPMENT
ex-1342,Exercise ball lying side lat stretch,back,lats,shoulders; triceps,stability ball,other,back,core; triceps,other,total,,none,other,unknown,none_expected,UNMAPPED_EQUIPMENT
ex-1382,Exercise ball on the wall calf raise,lower legs,calves,hamstrings; quadriceps,dumbbell,dumbbell,calves,hamstrings; core,dumbbell,per_hand,,none,calf_raise,isolation,none_expected,
ex-3241,Exercise ball on the wall calf raise (tennis ball between ankles),lower legs,calves,hamstrings; quadriceps,dumbbell,dumbbell,calves,hamstrings; core,dumbbell,per_hand,,none,calf_raise,isolation,none_expected,
ex-3240,Exercise ball on the wall calf raise (tennis ball between knees),lower legs,calves,quadriceps; hamstrings,dumbbell,dumbbell,calves,core; hamstrings,dumbbell,per_hand,,none,calf_raise,isolation,none_expected,
ex-1416,Exercise ball one leg prone lower body rotation,upper legs,glutes,hamstrings; quadriceps; core,stability ball,other,glutes,hamstrings; core,other,total,,none,other,unknown,none_expected,UNMAPPED_EQUIPMENT
ex-1417,Exercise ball one legged diagonal kick hamstring curl,upper legs,glutes,hamstrings; calves,stability ball,other,glutes,hamstrings; calves,other,total,,none,knee_flexion,isolation,none_expected,UNMAPPED_EQUIPMENT
ex-1296,Exercise ball pike push up,chest,pectorals,shoulders; triceps; core,stability ball,other,chest,core; triceps,other,total,,none,bench_press,compound,none_expected,UNMAPPED_EQUIPMENT
ex-1343,Exercise ball prone leg raise,back,spine,abdominals; glutes,stability ball,other,back,core; glutes,other,total,,none,core,isolation,none_expected,UNMAPPED_EQUIPMENT
ex-1560,Exercise ball seated hamstring stretch,upper legs,hamstrings,glutes; lower back,stability ball,other,hamstrings,glutes; core,other,total,,none,other,unknown,none_expected,UNMAPPED_EQUIPMENT
ex-1745,Exercise ball seated triceps stretch,upper arms,triceps,shoulders,stability ball,other,triceps,core,other,total,,none,other,unknown,none_expected,UNMAPPED_EQUIPMENT
ex-1746,Exercise ball supine triceps extension,upper arms,triceps,shoulders,dumbbell,dumbbell,triceps,core,dumbbell,per_hand,,none,elbow_extension,isolation,none_expected,
ex-1747,Ez bar french press on exercise ball,upper arms,triceps,shoulders,ez barbell,barbell,triceps,core,barbell,total,,user_bar,elbow_extension,isolation,none_expected,
ex-3010,Ez bar lying bent arms pullover,back,lats,triceps; chest,ez barbell,barbell,back,triceps; core,barbell,total,,user_bar,other,isolation,none_expected,
ex-1748,Ez bar lying close grip triceps extension behind head,upper arms,triceps,shoulders,ez barbell,barbell,triceps,core,barbell,total,,user_bar,elbow_extension,isolation,none_expected,
ex-1344,Ez bar reverse grip bent over row,back,upper back,biceps; forearms,ez barbell,barbell,back,biceps; forearms,barbell,total,,user_bar,row,compound,none_expected,
ex-1682,Ez bar seated close grip concentration curl,upper arms,biceps,forearms,ez barbell,barbell,biceps,forearms,barbell,total,,user_bar,elbow_flexion,isolation,none_expected,
ex-1749,Ez bar standing french press,upper arms,triceps,shoulders,ez barbell,barbell,triceps,core,barbell,total,,user_bar,elbow_extension,isolation,none_expected,
ex-0445,Ez barbell anti gravity press,shoulders,delts,triceps; chest,ez barbell,barbell,shoulders,triceps; core,barbell,total,,user_bar,other,unknown,none_expected,
ex-1627,Ez barbell close grip preacher curl,upper arms,biceps,forearms,ez barbell,barbell,biceps,forearms,barbell,total,,user_bar,elbow_flexion,isolation,none_expected,
ex-0446,Ez barbell close-grip curl,upper arms,biceps,forearms,ez barbell,barbell,biceps,forearms,barbell,total,,user_bar,elbow_flexion,isolation,none_expected,
ex-0447,Ez barbell curl,upper arms,biceps,forearms,ez barbell,barbell,biceps,forearms,barbell,total,,user_bar,elbow_flexion,isolation,none_expected,
ex-0448,Ez barbell decline close grip face press,upper arms,triceps,chest; shoulders,ez barbell,barbell,triceps,core,barbell,total,,user_bar,other,unknown,none_expected,
ex-2186,Ez barbell decline triceps extension,upper arms,triceps,shoulders,ez barbell,barbell,triceps,core,barbell,total,,user_bar,elbow_extension,isolation,none_expected,
ex-0449,Ez barbell incline triceps extension,upper arms,triceps,shoulders,ez barbell,barbell,triceps,core,barbell,total,,user_bar,elbow_extension,isolation,none_expected,
ex-0450,Ez barbell jm bench press,upper arms,triceps,chest; shoulders,ez barbell,barbell,triceps,core,barbell,total,,user_bar,bench_press,compound,none_expected,COMPOUND_SINGLE_MUSCLE_METADATA
ex-0451,Ez barbell reverse grip curl,upper arms,biceps,forearms,ez barbell,barbell,biceps,forearms,barbell,total,,user_bar,elbow_flexion,isolation,none_expected,
ex-0452,Ez barbell reverse grip preacher curl,upper arms,biceps,forearms,ez barbell,barbell,biceps,forearms,barbell,total,,user_bar,elbow_flexion,isolation,none_expected,
ex-1458,Ez barbell seated curls,upper arms,biceps,forearms,ez barbell,barbell,biceps,forearms,barbell,total,,user_bar,other,unknown,none_expected,
ex-0453,Ez barbell seated triceps extension,upper arms,triceps,shoulders,ez barbell,barbell,triceps,core,barbell,total,,user_bar,elbow_extension,isolation,none_expected,
ex-0454,Ez barbell spider curl,upper arms,biceps,forearms,ez barbell,barbell,biceps,forearms,barbell,total,,user_bar,elbow_flexion,isolation,none_expected,
ex-1628,Ez barbell spider curl,upper arms,biceps,forearms,ez barbell,barbell,biceps,forearms,barbell,total,,user_bar,elbow_flexion,isolation,none_expected,
ex-2404,Ez-bar biceps curl (with arm blaster),upper arms,biceps,forearms,ez barbell,barbell,biceps,forearms,barbell,total,,user_bar,elbow_flexion,isolation,none_expected,
ex-2432,Ez-bar close-grip bench press,upper arms,triceps,chest; shoulders,ez barbell,barbell,triceps,core,barbell,total,,user_bar,bench_press,compound,none_expected,COMPOUND_SINGLE_MUSCLE_METADATA
ex-2741,Ez-barbell standing wide grip biceps curl,upper arms,biceps,forearms,ez barbell,barbell,biceps,forearms,barbell,total,,user_bar,elbow_flexion,isolation,none_expected,
ex-2133,Farmers walk,upper legs,quads,calves; forearms; core,dumbbell,dumbbell,quadriceps,calves; forearms; core,dumbbell,per_hand,,none,carry,unknown,none_expected,
ex-0455,Finger curls,lower arms,forearms,wrist flexors; grip muscles,barbell,barbell,forearms,core,barbell,total,,user_bar,other,unknown,none_expected,
ex-3303,Flag,waist,abs,obliques; shoulders,body weight,bodyweight,core,,bodyweight,added_weight,,none,core,unknown,none_expected,SECONDARY_DUPLICATES_PRIMARY
ex-0456,Flexion leg sit up (bent knee),waist,abs,hip flexors,body weight,bodyweight,core,,bodyweight,added_weight,,none,core,unknown,none_expected,SECONDARY_DUPLICATES_PRIMARY
ex-0457,Flexion leg sit up (straight arm),waist,abs,hip flexors; quadriceps,body weight,bodyweight,core,,bodyweight,added_weight,,none,core,unknown,none_expected,SECONDARY_DUPLICATES_PRIMARY
ex-0458,Floor fly (with barbell),chest,pectorals,deltoids; triceps,barbell,barbell,chest,core; triceps,barbell,total,,user_bar,fly,isolation,none_expected,
ex-0459,Flutter kicks,upper legs,glutes,hip flexors; lower abs,body weight,bodyweight,glutes,core,bodyweight,added_weight,,none,other,unknown,none_expected,
ex-1472,Forward jump,upper legs,quads,calves; hamstrings; glutes,body weight,bodyweight,quadriceps,calves; hamstrings; glutes,bodyweight,added_weight,,none,other,unknown,none_expected,
ex-3470,Forward lunge (male),upper legs,glutes,quadriceps; hamstrings; calves,body weight,bodyweight,glutes,core; hamstrings; calves,bodyweight,added_weight,,none,lunge,compound,none_expected,LOWER_BODY_COMPOUND_PRIMARY_GLUTES_ONLY
ex-3194,Frankenstein squat,upper legs,glutes,quadriceps; hamstrings; calves,barbell,barbell,glutes,core; hamstrings; calves,barbell,total,,user_bar,squat,compound,none_expected,LOWER_BODY_COMPOUND_PRIMARY_GLUTES_ONLY
ex-2429,Frog crunch,waist,abs,hip flexors,body weight,bodyweight,core,,bodyweight,added_weight,,none,core,unknown,none_expected,SECONDARY_DUPLICATES_PRIMARY
ex-3301,Frog planche,waist,abs,shoulders; chest; triceps,body weight,bodyweight,core,triceps,bodyweight,added_weight,,none,core,unknown,none_expected,SECONDARY_DUPLICATES_PRIMARY
ex-3296,Front lever,waist,abs,lats; shoulders; forearms,body weight,bodyweight,core,back; forearms,bodyweight,added_weight,,none,core,unknown,none_expected,SECONDARY_DUPLICATES_PRIMARY
ex-3295,Front lever reps,back,upper back,core; shoulders,body weight,bodyweight,back,core,bodyweight,added_weight,,none,other,unknown,none_expected,
ex-0464,Front plank with twist,waist,abs,obliques; shoulders,body weight,bodyweight,core,,bodyweight,added_weight,,none,core,unknown,none_expected,SECONDARY_DUPLICATES_PRIMARY
ex-3315,Full maltese,waist,abs,shoulders; chest,body weight,bodyweight,core,,bodyweight,added_weight,,none,core,unknown,none_expected,SECONDARY_DUPLICATES_PRIMARY
ex-3299,Full planche,waist,abs,shoulders; chest; triceps,body weight,bodyweight,core,triceps,bodyweight,added_weight,,none,core,unknown,none_expected,SECONDARY_DUPLICATES_PRIMARY
ex-3327,Full planche push-up,chest,pectorals,shoulders; triceps; core,body weight,bodyweight,chest,core; triceps,bodyweight,added_weight,,none,bench_press,compound,none_expected,
ex-0466,Gironda sternum chin,back,lats,biceps; rhomboids; rear deltoids,body weight,bodyweight,back,biceps; core,bodyweight,added_weight,,none,other,unknown,none_expected,
ex-3561,Glute bridge march,upper legs,glutes,hamstrings; quadriceps,body weight,bodyweight,glutes,hamstrings; core,bodyweight,added_weight,,none,hip_thrust,compound,none_expected,
ex-3523,Glute bridge two legs on bench (male),upper legs,glutes,hamstrings; core,body weight,bodyweight,glutes,hamstrings; core,bodyweight,added_weight,,none,hip_thrust,compound,none_expected,
ex-3193,Glute-ham raise,upper legs,hamstrings,glutes; lower back,body weight,bodyweight,hamstrings,glutes; core,bodyweight,added_weight,,none,other,isolation,none_expected,
ex-0467,Gorilla chin,waist,abs,forearms; biceps,body weight,bodyweight,core,forearms; biceps,bodyweight,added_weight,,none,core,unknown,none_expected,
ex-0469,Groin crunch,waist,abs,hip flexors; inner thighs,body weight,bodyweight,core,,bodyweight,added_weight,,none,core,unknown,none_expected,SECONDARY_DUPLICATES_PRIMARY
ex-1383,Hack calf raise,lower legs,calves,hamstrings; glutes,sled machine,machine,calves,hamstrings; glutes,plate_loaded,total,,none,calf_raise,isolation,inherent_resistance_candidate,PLATE_LOADED_NO_BASE_RESISTANCE_METADATA; POSSIBLE_INHERENT_MACHINE_RESISTANCE
ex-1384,Hack one leg calf raise,lower legs,calves,hamstrings; glutes,sled machine,machine,calves,hamstrings; glutes,plate_loaded,total,,none,calf_raise,isolation,inherent_resistance_candidate,PLATE_LOADED_NO_BASE_RESISTANCE_METADATA; POSSIBLE_INHERENT_MACHINE_RESISTANCE
ex-3221,Half knee bends (male),cardio,cardiovascular system,quadriceps; hamstrings; glutes,body weight,bodyweight,core,hamstrings; glutes,bodyweight,added_weight,,none,other,unknown,none_expected,UNMAPPED_TARGET; TARGET_FALLBACK_TO_CORE; SECONDARY_DUPLICATES_PRIMARY
ex-3202,Half sit-up (male),waist,abs,hip flexors,body weight,bodyweight,core,,bodyweight,added_weight,,none,core,unknown,none_expected,SECONDARY_DUPLICATES_PRIMARY
ex-1511,Hamstring stretch,upper legs,hamstrings,glutes,body weight,bodyweight,hamstrings,glutes,bodyweight,added_weight,,none,other,unknown,none_expected,
ex-2139,Hands bike,chest,pectorals,triceps; shoulders,upper body ergometer,other,chest,triceps; core,other,total,,none,other,unknown,none_expected,UNMAPPED_EQUIPMENT
ex-3218,Hands clasped circular toe touch (male),upper legs,glutes,hamstrings; quadriceps; calves,body weight,bodyweight,glutes,hamstrings; core; calves,bodyweight,added_weight,,none,other,unknown,none_expected,
ex-3215,Hands reversed clasped circular toe touch (male),upper legs,glutes,hamstrings; quadriceps; calves,body weight,bodyweight,glutes,hamstrings; core; calves,bodyweight,added_weight,,none,other,unknown,none_expected,
ex-3302,Handstand,upper arms,triceps,shoulders; core,body weight,bodyweight,triceps,core,bodyweight,added_weight,,none,other,unknown,none_expected,
ex-0471,Handstand push-up,upper arms,triceps,shoulders; chest; core,body weight,bodyweight,triceps,core,bodyweight,added_weight,,none,bench_press,compound,none_expected,COMPOUND_SINGLE_MUSCLE_METADATA
ex-1764,Hanging leg hip raise,waist,abs,hip flexors; lower back,body weight,bodyweight,core,,bodyweight,added_weight,,none,core,isolation,none_expected,SECONDARY_DUPLICATES_PRIMARY
ex-0472,Hanging leg raise,waist,abs,hip flexors,body weight,bodyweight,core,,bodyweight,added_weight,,none,core,isolation,none_expected,SECONDARY_DUPLICATES_PRIMARY
ex-1761,Hanging oblique knee raise,waist,abs,obliques,body weight,bodyweight,core,,bodyweight,added_weight,,none,core,isolation,none_expected,SECONDARY_DUPLICATES_PRIMARY
ex-0473,Hanging pike,waist,abs,hip flexors; shoulders,body weight,bodyweight,core,,bodyweight,added_weight,,none,core,unknown,none_expected,SECONDARY_DUPLICATES_PRIMARY
ex-0474,Hanging straight leg hip raise,waist,abs,hip flexors,body weight,bodyweight,core,,bodyweight,added_weight,,none,core,isolation,none_expected,SECONDARY_DUPLICATES_PRIMARY
ex-0475,Hanging straight leg raise,waist,abs,hip flexors,body weight,bodyweight,core,,bodyweight,added_weight,,none,core,isolation,none_expected,SECONDARY_DUPLICATES_PRIMARY
ex-0476,Hanging straight twisting leg hip raise,waist,abs,obliques; hip flexors,body weight,bodyweight,core,,bodyweight,added_weight,,none,core,isolation,none_expected,SECONDARY_DUPLICATES_PRIMARY
ex-3636,High knee against wall,cardio,cardiovascular system,quadriceps; hamstrings; glutes; calves,body weight,bodyweight,core,hamstrings; glutes; calves,bodyweight,added_weight,,none,other,unknown,none_expected,UNMAPPED_TARGET; TARGET_FALLBACK_TO_CORE; SECONDARY_DUPLICATES_PRIMARY
ex-0484,Hip raise (bent knee),waist,abs,glutes; hamstrings,body weight,bodyweight,core,glutes; hamstrings,bodyweight,added_weight,,none,core,isolation,none_expected,
ex-1418,Hug keens to chest,upper legs,glutes,hamstrings; quadriceps,body weight,bodyweight,glutes,hamstrings; core,bodyweight,added_weight,,none,other,unknown,none_expected,
ex-3234,Hyght dumbbell fly,chest,pectorals,shoulders,dumbbell,dumbbell,chest,core,dumbbell,per_hand,,none,fly,isolation,none_expected,
ex-0489,Hyperextension,back,spine,glutes; hamstrings,body weight,bodyweight,back,glutes; hamstrings,bodyweight,added_weight,,none,other,unknown,none_expected,
ex-0488,Hyperextension (on bench),back,spine,glutes; hamstrings,body weight,bodyweight,back,glutes; hamstrings,bodyweight,added_weight,,none,other,unknown,none_expected,
ex-3289,Impossible dips,upper arms,triceps,chest; shoulders,body weight,bodyweight,triceps,core,bodyweight,added_weight,,none,elbow_extension,compound,none_expected,COMPOUND_SINGLE_MUSCLE_METADATA
ex-1471,Inchworm,waist,abs,shoulders; hamstrings,body weight,bodyweight,core,hamstrings,bodyweight,added_weight,,none,core,unknown,none_expected,SECONDARY_DUPLICATES_PRIMARY
ex-3698,Inchworm v. 2,waist,abs,shoulders; hamstrings,body weight,bodyweight,core,hamstrings,bodyweight,added_weight,,none,core,unknown,none_expected,SECONDARY_DUPLICATES_PRIMARY
ex-0490,Incline close-grip push-up,upper arms,triceps,chest; shoulders,body weight,bodyweight,triceps,core,bodyweight,added_weight,,none,bench_press,compound,none_expected,COMPOUND_SINGLE_MUSCLE_METADATA
ex-0491,Incline leg hip raise (leg straight),waist,abs,hip flexors,body weight,bodyweight,core,,bodyweight,added_weight,,none,core,isolation,none_expected,SECONDARY_DUPLICATES_PRIMARY
ex-0492,Incline push up depth jump,chest,pectorals,triceps; shoulders; core,body weight,bodyweight,chest,triceps; core,bodyweight,added_weight,,none,bench_press,compound,none_expected,
ex-0493,Incline push-up,chest,pectorals,triceps; shoulders,body weight,bodyweight,chest,triceps; core,bodyweight,added_weight,,none,bench_press,compound,none_expected,
ex-3785,Incline push-up (on box),chest,pectorals,triceps; shoulders,body weight,bodyweight,chest,triceps; core,bodyweight,added_weight,,none,bench_press,compound,none_expected,
ex-0494,Incline reverse grip push-up,chest,pectorals,triceps; shoulders,body weight,bodyweight,chest,triceps; core,bodyweight,added_weight,,none,bench_press,compound,none_expected,
ex-3011,Incline scapula push up,chest,serratus anterior,triceps; shoulders,body weight,bodyweight,chest,triceps; core,bodyweight,added_weight,,none,bench_press,compound,none_expected,UNMAPPED_TARGET
ex-0495,Incline twisting sit-up,waist,abs,obliques,body weight,bodyweight,core,,bodyweight,added_weight,,none,core,unknown,none_expected,SECONDARY_DUPLICATES_PRIMARY
ex-1564,Intermediate hip flexor and quad stretch,upper legs,quads,hamstrings; glutes,rope,other,quadriceps,hamstrings; glutes,other,total,,none,other,unknown,none_expected,UNMAPPED_EQUIPMENT
ex-0496,Inverse leg curl (bench support),upper legs,hamstrings,glutes; calves,body weight,bodyweight,hamstrings,glutes; calves,bodyweight,added_weight,,none,knee_flexion,isolation,none_expected,
ex-2400,Inverse leg curl (on pull-up cable machine),upper legs,hamstrings,glutes; calves,body weight,bodyweight,hamstrings,glutes; calves,bodyweight,added_weight,1,none,knee_flexion,isolation,none_expected,
ex-0499,Inverted row,back,upper back,biceps; forearms,body weight,bodyweight,back,biceps; forearms,bodyweight,added_weight,,none,row,compound,none_expected,
ex-2300,Inverted row bent knees,back,upper back,biceps; forearms,body weight,bodyweight,back,biceps; forearms,bodyweight,added_weight,,none,row,compound,none_expected,
ex-2298,Inverted row on bench,back,upper back,biceps; forearms,body weight,bodyweight,back,biceps; forearms,bodyweight,added_weight,,none,row,compound,none_expected,
ex-0497,Inverted row v. 2,back,upper back,biceps; forearms,body weight,bodyweight,back,biceps; forearms,bodyweight,added_weight,,none,row,compound,none_expected,
ex-0498,Inverted row with straps,back,upper back,biceps; forearms,body weight,bodyweight,back,biceps; forearms,bodyweight,added_weight,,none,row,compound,none_expected,
ex-1419,Iron cross stretch,upper legs,glutes,hamstrings; quadriceps,body weight,bodyweight,glutes,hamstrings; core,bodyweight,added_weight,,none,other,unknown,none_expected,
ex-1297,Isometric chest squeeze,chest,pectorals,triceps; shoulders,body weight,bodyweight,chest,triceps; core,bodyweight,added_weight,,none,other,unknown,none_expected,
ex-0500,Isometric wipers,chest,pectorals,shoulders; triceps; core,body weight,bodyweight,chest,core; triceps,bodyweight,added_weight,,none,other,unknown,none_expected,
ex-0501,Jack burpee,cardio,cardiovascular system,quadriceps; hamstrings; calves; shoulders; triceps; core,body weight,bodyweight,core,hamstrings; calves; triceps,bodyweight,added_weight,,none,other,unknown,none_expected,UNMAPPED_TARGET; TARGET_FALLBACK_TO_CORE; SECONDARY_DUPLICATES_PRIMARY
ex-3224,Jack jump (male),cardio,cardiovascular system,quadriceps; calves,body weight,bodyweight,core,calves,bodyweight,added_weight,,none,other,unknown,none_expected,UNMAPPED_TARGET; TARGET_FALLBACK_TO_CORE; SECONDARY_DUPLICATES_PRIMARY
ex-0507,Jackknife sit-up,waist,abs,hip flexors,body weight,bodyweight,core,,bodyweight,added_weight,,none,core,unknown,none_expected,SECONDARY_DUPLICATES_PRIMARY
ex-0508,Janda sit-up,waist,abs,hip flexors; lower back,body weight,bodyweight,core,,bodyweight,added_weight,,none,core,unknown,none_expected,SECONDARY_DUPLICATES_PRIMARY
ex-2612,Jump rope,cardio,cardiovascular system,calves; quadriceps; hamstrings; glutes,rope,other,core,calves; hamstrings; glutes,other,total,,none,other,unknown,none_expected,UNMAPPED_EQUIPMENT; UNMAPPED_TARGET; TARGET_FALLBACK_TO_CORE; SECONDARY_DUPLICATES_PRIMARY
ex-0514,Jump squat,upper legs,glutes,quadriceps; hamstrings; calves,body weight,bodyweight,glutes,core; hamstrings; calves,bodyweight,added_weight,,none,squat,compound,none_expected,LOWER_BODY_COMPOUND_PRIMARY_GLUTES_ONLY
ex-0513,Jump squat v. 2,upper legs,glutes,quadriceps; hamstrings; calves,body weight,bodyweight,glutes,core; hamstrings; calves,bodyweight,added_weight,,none,squat,compound,none_expected,LOWER_BODY_COMPOUND_PRIMARY_GLUTES_ONLY
ex-0517,Kettlebell advanced windmill,waist,abs,obliques; shoulders,kettlebell,other,core,,other,total,,none,core,unknown,none_expected,UNMAPPED_EQUIPMENT; SECONDARY_DUPLICATES_PRIMARY
ex-0518,Kettlebell alternating hang clean,lower arms,forearms,shoulders; traps; core,kettlebell,other,forearms,core,other,total,,none,other,unknown,none_expected,UNMAPPED_EQUIPMENT
ex-0520,Kettlebell alternating press,shoulders,delts,triceps; core,kettlebell,other,shoulders,triceps; core,other,total,,none,other,unknown,none_expected,UNMAPPED_EQUIPMENT
ex-0519,Kettlebell alternating press on floor,chest,pectorals,shoulders; triceps,kettlebell,other,chest,core; triceps,other,total,,none,bench_press,compound,none_expected,UNMAPPED_EQUIPMENT
ex-0521,Kettlebell alternating renegade row,back,upper back,core; shoulders,kettlebell,other,back,core,other,total,,none,row,compound,none_expected,UNMAPPED_EQUIPMENT; COMPOUND_SINGLE_MUSCLE_METADATA
ex-0522,Kettlebell alternating row,back,upper back,biceps; forearms,kettlebell,other,back,biceps; forearms,other,total,,none,row,compound,none_expected,UNMAPPED_EQUIPMENT
ex-0523,Kettlebell arnold press,shoulders,delts,triceps; upper back,kettlebell,other,shoulders,triceps; back,other,total,,none,vertical_press,compound,none_expected,UNMAPPED_EQUIPMENT
ex-0524,Kettlebell bent press,waist,abs,shoulders; triceps; obliques,kettlebell,other,core,triceps,other,total,,none,core,unknown,none_expected,UNMAPPED_EQUIPMENT; SECONDARY_DUPLICATES_PRIMARY
ex-0525,Kettlebell bottoms up clean from the hang position,upper arms,biceps,forearms; shoulders,kettlebell,other,biceps,forearms; core,other,total,,none,other,unknown,none_expected,UNMAPPED_EQUIPMENT
ex-0526,Kettlebell double alternating hang clean,upper arms,biceps,forearms; shoulders,kettlebell,other,biceps,forearms; core,other,total,,none,other,unknown,none_expected,UNMAPPED_EQUIPMENT
ex-0527,Kettlebell double jerk,shoulders,delts,triceps; core,kettlebell,other,shoulders,triceps; core,other,total,,none,other,unknown,none_expected,UNMAPPED_EQUIPMENT
ex-0528,Kettlebell double push press,shoulders,delts,triceps; core,kettlebell,other,shoulders,triceps; core,other,total,,none,vertical_press,compound,none_expected,UNMAPPED_EQUIPMENT
ex-0529,Kettlebell double snatch,shoulders,delts,trapezius; forearms; core,kettlebell,other,shoulders,core; forearms,other,total,,none,other,unknown,none_expected,UNMAPPED_EQUIPMENT
ex-0530,Kettlebell double windmill,waist,abs,shoulders; hamstrings,kettlebell,other,core,hamstrings,other,total,,none,core,unknown,none_expected,UNMAPPED_EQUIPMENT; SECONDARY_DUPLICATES_PRIMARY
ex-0531,Kettlebell extended range one arm press on floor,chest,pectorals,triceps; shoulders,kettlebell,other,chest,triceps; core,other,total,,none,bench_press,compound,none_expected,UNMAPPED_EQUIPMENT
ex-0532,Kettlebell figure 8,waist,abs,shoulders; forearms,kettlebell,other,core,forearms,other,total,,none,core,unknown,none_expected,UNMAPPED_EQUIPMENT; SECONDARY_DUPLICATES_PRIMARY
ex-0533,Kettlebell front squat,upper legs,glutes,quadriceps; hamstrings; calves,kettlebell,other,glutes,core; hamstrings; calves,other,total,,none,squat,compound,none_expected,UNMAPPED_EQUIPMENT; LOWER_BODY_COMPOUND_PRIMARY_GLUTES_ONLY
ex-0534,Kettlebell goblet squat,upper legs,glutes,quadriceps; hamstrings; calves,kettlebell,other,glutes,core; hamstrings; calves,other,total,,none,squat,compound,none_expected,UNMAPPED_EQUIPMENT; LOWER_BODY_COMPOUND_PRIMARY_GLUTES_ONLY
ex-0535,Kettlebell hang clean,upper legs,hamstrings,glutes; quadriceps; calves,kettlebell,other,hamstrings,glutes; core; calves,other,total,,none,other,unknown,none_expected,UNMAPPED_EQUIPMENT
ex-0536,Kettlebell lunge pass through,upper legs,glutes,quadriceps; hamstrings; calves,kettlebell,other,glutes,core; hamstrings; calves,other,total,,none,lunge,compound,none_expected,UNMAPPED_EQUIPMENT; LOWER_BODY_COMPOUND_PRIMARY_GLUTES_ONLY
ex-0537,Kettlebell one arm clean and jerk,shoulders,delts,triceps; core,kettlebell,other,shoulders,triceps; core,other,total,,none,other,unknown,none_expected,UNMAPPED_EQUIPMENT
ex-1298,Kettlebell one arm floor press,chest,pectorals,triceps; shoulders,kettlebell,other,chest,triceps; core,other,total,,none,bench_press,compound,none_expected,UNMAPPED_EQUIPMENT
ex-0538,Kettlebell one arm jerk,shoulders,delts,triceps; core,kettlebell,other,shoulders,triceps; core,other,total,,none,other,unknown,none_expected,UNMAPPED_EQUIPMENT
ex-0539,Kettlebell one arm military press to the side,shoulders,delts,triceps; core,kettlebell,other,shoulders,triceps; core,other,total,,none,vertical_press,compound,none_expected,UNMAPPED_EQUIPMENT
ex-0540,Kettlebell one arm push press,shoulders,delts,triceps; core,kettlebell,other,shoulders,triceps; core,other,total,,none,vertical_press,compound,none_expected,UNMAPPED_EQUIPMENT
ex-0541,Kettlebell one arm row,back,upper back,biceps; forearms,kettlebell,other,back,biceps; forearms,other,total,,none,row,compound,none_expected,UNMAPPED_EQUIPMENT
ex-0542,Kettlebell one arm snatch,shoulders,delts,trapezius; forearms; core,kettlebell,other,shoulders,core; forearms,other,total,,none,other,unknown,none_expected,UNMAPPED_EQUIPMENT
ex-0543,Kettlebell pirate supper legs,shoulders,delts,triceps; forearms,kettlebell,other,shoulders,triceps; forearms,other,total,,none,other,unknown,none_expected,UNMAPPED_EQUIPMENT
ex-0544,Kettlebell pistol squat,upper legs,glutes,quadriceps; hamstrings; calves,kettlebell,other,glutes,core; hamstrings; calves,other,total,,none,squat,compound,none_expected,UNMAPPED_EQUIPMENT; LOWER_BODY_COMPOUND_PRIMARY_GLUTES_ONLY
ex-0545,Kettlebell plyo push-up,chest,pectorals,triceps; shoulders; core,kettlebell,other,chest,triceps; core,other,total,,none,bench_press,compound,none_expected,UNMAPPED_EQUIPMENT
ex-0546,Kettlebell seated press,shoulders,delts,triceps; core,kettlebell,other,shoulders,triceps; core,other,total,,none,other,unknown,none_expected,UNMAPPED_EQUIPMENT
ex-1438,Kettlebell seated two arm military press,shoulders,delts,triceps; upper back,kettlebell,other,shoulders,triceps; back,other,total,,none,vertical_press,compound,none_expected,UNMAPPED_EQUIPMENT
ex-0547,Kettlebell seesaw press,shoulders,delts,triceps; core,kettlebell,other,shoulders,triceps; core,other,total,,none,other,unknown,none_expected,UNMAPPED_EQUIPMENT
ex-0548,Kettlebell sumo high pull,back,traps,shoulders; glutes; hamstrings,kettlebell,other,back,core; glutes; hamstrings,other,total,,none,other,unknown,none_expected,UNMAPPED_EQUIPMENT; UNMAPPED_TARGET
ex-0549,Kettlebell swing,upper legs,glutes,hamstrings; core,kettlebell,other,glutes,hamstrings; core,other,total,,none,other,unknown,none_expected,UNMAPPED_EQUIPMENT
ex-0550,Kettlebell thruster,shoulders,delts,quadriceps; glutes; core,kettlebell,other,shoulders,core; glutes,other,total,,none,other,unknown,none_expected,UNMAPPED_EQUIPMENT
ex-0551,Kettlebell turkish get up (squat style),upper legs,glutes,quadriceps; hamstrings; core,kettlebell,other,glutes,core; hamstrings,other,total,,none,squat,compound,none_expected,UNMAPPED_EQUIPMENT; LOWER_BODY_COMPOUND_PRIMARY_GLUTES_ONLY
ex-0552,Kettlebell two arm clean,shoulders,delts,traps; forearms,kettlebell,other,shoulders,core; forearms,other,total,,none,other,unknown,none_expected,UNMAPPED_EQUIPMENT
ex-0553,Kettlebell two arm military press,shoulders,delts,triceps; upper back,kettlebell,other,shoulders,triceps; back,other,total,,none,vertical_press,compound,none_expected,UNMAPPED_EQUIPMENT
ex-1345,Kettlebell two arm row,back,upper back,biceps; forearms,kettlebell,other,back,biceps; forearms,other,total,,none,row,compound,none_expected,UNMAPPED_EQUIPMENT
ex-0554,Kettlebell windmill,waist,abs,obliques; shoulders,kettlebell,other,core,,other,total,,none,core,unknown,none_expected,UNMAPPED_EQUIPMENT; SECONDARY_DUPLICATES_PRIMARY
ex-0555,Kick out sit,upper legs,hamstrings,quadriceps; glutes,body weight,bodyweight,hamstrings,core; glutes,bodyweight,added_weight,,none,other,unknown,none_expected,
ex-0558,Kipping muscle up,back,lats,biceps; triceps; shoulders; core,body weight,bodyweight,back,biceps; triceps; core,bodyweight,added_weight,1,none,other,compound,none_expected,
ex-3640,Knee touch crunch,waist,abs,hip flexors,body weight,bodyweight,core,,bodyweight,added_weight,,none,core,unknown,none_expected,SECONDARY_DUPLICATES_PRIMARY
ex-1420,Kneeling jump squat,upper legs,glutes,quadriceps; hamstrings; calves,barbell,barbell,glutes,core; hamstrings; calves,barbell,total,,user_bar,squat,compound,none_expected,LOWER_BODY_COMPOUND_PRIMARY_GLUTES_ONLY
ex-1346,Kneeling lat stretch,back,lats,shoulders; triceps,body weight,bodyweight,back,core; triceps,bodyweight,added_weight,,none,other,unknown,none_expected,
ex-3239,Kneeling plank tap shoulder (male),waist,abs,shoulders; triceps,body weight,bodyweight,core,triceps,bodyweight,added_weight,,none,core,unknown,none_expected,SECONDARY_DUPLICATES_PRIMARY
ex-3211,Kneeling push-up (male),chest,pectorals,triceps; shoulders,body weight,bodyweight,chest,triceps; core,bodyweight,added_weight,,none,bench_press,compound,none_expected,
ex-3288,Korean dips,chest,pectorals,triceps; shoulders,body weight,bodyweight,chest,triceps; core,bodyweight,added_weight,,none,elbow_extension,compound,none_expected,
ex-3418,L-pull-up,back,lats,biceps; forearms,body weight,bodyweight,back,biceps; forearms,bodyweight,added_weight,1,none,pull_up,compound,none_expected,
ex-3419,L-sit on floor,waist,abs,hip flexors,body weight,bodyweight,core,,bodyweight,added_weight,,none,core,unknown,none_expected,SECONDARY_DUPLICATES_PRIMARY
ex-0562,Landmine 180,waist,abs,obliques; quadriceps,barbell,barbell,core,,barbell,total,,user_bar,core,unknown,none_expected,SECONDARY_DUPLICATES_PRIMARY
ex-3237,Landmine lateral raise,shoulders,delts,traps; upper back,barbell,barbell,shoulders,core; back,barbell,total,,user_bar,lateral_raise,isolation,none_expected,
ex-3300,Lean planche,waist,abs,shoulders; chest; triceps,body weight,bodyweight,core,triceps,bodyweight,added_weight,,none,core,unknown,none_expected,SECONDARY_DUPLICATES_PRIMARY
ex-2271,Left hook. boxing,shoulders,delts,biceps; triceps; forearms,body weight,bodyweight,shoulders,biceps; triceps; forearms,bodyweight,added_weight,,none,other,unknown,none_expected,
ex-0570,Leg pull in flat bench,waist,abs,hip flexors; lower back,body weight,bodyweight,core,,bodyweight,added_weight,,none,core,unknown,none_expected,SECONDARY_DUPLICATES_PRIMARY
ex-1576,Leg up hamstring stretch,upper legs,hamstrings,glutes,body weight,bodyweight,hamstrings,glutes,bodyweight,added_weight,,none,other,unknown,none_expected,
ex-2287,Lever alternate leg press,upper legs,quads,hamstrings; glutes,leverage machine,machine,quadriceps,hamstrings; glutes,selectorized,per_side,,none,leg_press,compound,none_expected,LOWER_BODY_COMPOUND_PRIMARY_QUADRICEPS_ONLY; POSSIBLE_PLATE_LOADED_MACHINE; LEVER_RESOLVED_SELECTOR_ONLY
ex-0571,Lever alternating narrow grip seated row,back,upper back,biceps; forearms,leverage machine,machine,back,biceps; forearms,selectorized,per_side,,none,row,compound,none_expected,POSSIBLE_PLATE_LOADED_MACHINE; LEVER_RESOLVED_SELECTOR_ONLY
ex-0572,Lever assisted chin-up,back,lats,biceps; forearms,leverage machine,machine,back,biceps; forearms,bodyweight,assisted,1,none,chin_up,compound,none_expected,
ex-0573,Lever back extension,back,spine,glutes; hamstrings,leverage machine,machine,back,glutes; hamstrings,selectorized,total,,none,elbow_extension,isolation,none_expected,POSSIBLE_PLATE_LOADED_MACHINE; LEVER_RESOLVED_SELECTOR_ONLY
ex-0574,Lever bent over row,back,upper back,biceps; forearms,barbell,barbell,back,biceps; forearms,barbell,total,,user_bar,row,compound,none_expected,
ex-3200,Lever bent-over row with v-bar,back,upper back,biceps; forearms,leverage machine,machine,back,biceps; forearms,selectorized,total,,none,row,compound,none_expected,POSSIBLE_PLATE_LOADED_MACHINE; LEVER_RESOLVED_SELECTOR_ONLY
ex-0575,Lever bicep curl,upper arms,biceps,forearms,leverage machine,machine,biceps,forearms,selectorized,total,,none,elbow_flexion,isolation,none_expected,POSSIBLE_PLATE_LOADED_MACHINE; LEVER_RESOLVED_SELECTOR_ONLY
ex-2289,Lever calf press,lower legs,calves,hamstrings,leverage machine,machine,calves,hamstrings,selectorized,total,,none,calf_raise,isolation,none_expected,POSSIBLE_PLATE_LOADED_MACHINE; LEVER_RESOLVED_SELECTOR_ONLY
ex-0577,Lever chest press,chest,pectorals,triceps; shoulders,leverage machine,machine,chest,triceps; core,selectorized,total,,none,bench_press,compound,none_expected,POSSIBLE_PLATE_LOADED_MACHINE; LEVER_RESOLVED_SELECTOR_ONLY
ex-0576,Lever chest press,chest,pectorals,triceps; shoulders,leverage machine,machine,chest,triceps; core,selectorized,total,,none,bench_press,compound,none_expected,POSSIBLE_PLATE_LOADED_MACHINE; LEVER_RESOLVED_SELECTOR_ONLY
ex-0578,Lever deadlift,upper legs,glutes,hamstrings; quadriceps,leverage machine,machine,glutes,hamstrings; core,selectorized,total,,none,deadlift,compound,none_expected,POSSIBLE_PLATE_LOADED_MACHINE; LEVER_RESOLVED_SELECTOR_ONLY
ex-1300,Lever decline chest press,chest,pectorals,triceps; shoulders,leverage machine,machine,chest,triceps; core,selectorized,total,,none,decline_press,compound,none_expected,POSSIBLE_PLATE_LOADED_MACHINE; LEVER_RESOLVED_SELECTOR_ONLY
ex-1253,Lever donkey calf raise,lower legs,calves,hamstrings; glutes,leverage machine,machine,calves,hamstrings; glutes,selectorized,total,,none,calf_raise,isolation,none_expected,POSSIBLE_PLATE_LOADED_MACHINE; LEVER_RESOLVED_SELECTOR_ONLY
ex-0579,Lever front pulldown,back,lats,biceps; rhomboids; rear deltoids,leverage machine,machine,back,biceps; core,selectorized,total,,none,pulldown,compound,none_expected,POSSIBLE_PLATE_LOADED_MACHINE; LEVER_RESOLVED_SELECTOR_ONLY
ex-0580,Lever gripless shrug,back,traps,shoulders; forearms,leverage machine,machine,back,core; forearms,selectorized,total,,none,other,isolation,none_expected,UNMAPPED_TARGET; POSSIBLE_PLATE_LOADED_MACHINE; LEVER_RESOLVED_SELECTOR_ONLY
ex-1439,Lever gripless shrug v. 2,back,traps,shoulders; forearms,leverage machine,machine,back,core; forearms,selectorized,total,,none,other,isolation,none_expected,UNMAPPED_TARGET; POSSIBLE_PLATE_LOADED_MACHINE; LEVER_RESOLVED_SELECTOR_ONLY
ex-2288,Lever gripper hands,lower arms,forearms,biceps; triceps,leverage machine,machine,forearms,biceps; triceps,selectorized,total,,none,other,unknown,none_expected,POSSIBLE_PLATE_LOADED_MACHINE; LEVER_RESOLVED_SELECTOR_ONLY
ex-1615,Lever hammer grip preacher curl,upper arms,biceps,forearms,leverage machine,machine,biceps,forearms,selectorized,total,,none,elbow_flexion,isolation,none_expected,POSSIBLE_PLATE_LOADED_MACHINE; LEVER_RESOLVED_SELECTOR_ONLY
ex-0581,Lever high row,back,upper back,biceps; rear deltoids,leverage machine,machine,back,biceps; core,selectorized,total,,none,row,compound,none_expected,POSSIBLE_PLATE_LOADED_MACHINE; LEVER_RESOLVED_SELECTOR_ONLY
ex-2286,Lever hip extension v. 2,upper legs,glutes,hamstrings,leverage machine,machine,glutes,hamstrings,selectorized,total,,none,elbow_extension,isolation,none_expected,POSSIBLE_PLATE_LOADED_MACHINE; LEVER_RESOLVED_SELECTOR_ONLY
ex-2611,Lever horizontal one leg press,upper legs,glutes,quadriceps; hamstrings; calves,leverage machine,machine,glutes,core; hamstrings; calves,selectorized,per_side,,none,leg_press,compound,none_expected,LOWER_BODY_COMPOUND_PRIMARY_GLUTES_ONLY; POSSIBLE_PLATE_LOADED_MACHINE; LEVER_RESOLVED_SELECTOR_ONLY
ex-1299,Lever incline chest press,chest,pectorals,shoulders; triceps,leverage machine,machine,chest,core; triceps,selectorized,total,,none,incline_press,compound,none_expected,POSSIBLE_PLATE_LOADED_MACHINE; LEVER_RESOLVED_SELECTOR_ONLY
ex-1479,Lever incline chest press v. 2,chest,pectorals,triceps; shoulders,leverage machine,machine,chest,triceps; core,selectorized,total,,none,incline_press,compound,none_expected,POSSIBLE_PLATE_LOADED_MACHINE; LEVER_RESOLVED_SELECTOR_ONLY
ex-0582,Lever kneeling leg curl,upper legs,hamstrings,glutes,leverage machine,machine,hamstrings,glutes,selectorized,total,,none,knee_flexion,isolation,none_expected,POSSIBLE_PLATE_LOADED_MACHINE; LEVER_RESOLVED_SELECTOR_ONLY
ex-0583,Lever kneeling twist,waist,abs,obliques; lower back,leverage machine,machine,core,,selectorized,total,,none,core,unknown,none_expected,SECONDARY_DUPLICATES_PRIMARY; POSSIBLE_PLATE_LOADED_MACHINE; LEVER_RESOLVED_SELECTOR_ONLY
ex-0584,Lever lateral raise,shoulders,delts,traps; upper back,leverage machine,machine,shoulders,core; back,selectorized,total,,none,lateral_raise,isolation,none_expected,POSSIBLE_PLATE_LOADED_MACHINE; LEVER_RESOLVED_SELECTOR_ONLY
ex-0585,Lever leg extension,upper legs,quads,hamstrings,leverage machine,machine,quadriceps,hamstrings,selectorized,total,,none,knee_extension,isolation,none_expected,POSSIBLE_PLATE_LOADED_MACHINE; LEVER_RESOLVED_SELECTOR_ONLY
ex-0586,Lever lying leg curl,upper legs,hamstrings,calves,leverage machine,machine,hamstrings,calves,selectorized,total,,none,knee_flexion,isolation,none_expected,POSSIBLE_PLATE_LOADED_MACHINE; LEVER_RESOLVED_SELECTOR_ONLY
ex-3195,Lever lying two-one leg curl,upper legs,hamstrings,glutes,leverage machine,machine,hamstrings,glutes,selectorized,per_side,,none,knee_flexion,isolation,none_expected,POSSIBLE_PLATE_LOADED_MACHINE; LEVER_RESOLVED_SELECTOR_ONLY
ex-0587,Lever military press,shoulders,delts,triceps; upper chest,leverage machine,machine,shoulders,triceps; core,selectorized,total,,none,vertical_press,compound,none_expected,POSSIBLE_PLATE_LOADED_MACHINE; LEVER_RESOLVED_SELECTOR_ONLY
ex-0588,Lever narrow grip seated row,back,upper back,biceps; forearms,leverage machine,machine,back,biceps; forearms,selectorized,total,,none,row,compound,none_expected,POSSIBLE_PLATE_LOADED_MACHINE; LEVER_RESOLVED_SELECTOR_ONLY
ex-0589,Lever one arm bent over row,back,upper back,biceps; forearms,barbell,barbell,back,biceps; forearms,barbell,total,,user_bar,row,compound,none_expected,
ex-1356,Lever one arm lateral high row,back,upper back,biceps; shoulders,leverage machine,machine,back,biceps; core,selectorized,per_side,,none,row,compound,none_expected,POSSIBLE_PLATE_LOADED_MACHINE; LEVER_RESOLVED_SELECTOR_ONLY
ex-1347,Lever one arm lateral wide pulldown,back,lats,biceps; rhomboids; rear deltoids,leverage machine,machine,back,biceps; core,selectorized,per_side,,none,pulldown,compound,none_expected,POSSIBLE_PLATE_LOADED_MACHINE; LEVER_RESOLVED_SELECTOR_ONLY
ex-0590,Lever one arm shoulder press,shoulders,delts,triceps; upper back,leverage machine,machine,shoulders,triceps; back,selectorized,per_side,,none,vertical_press,compound,none_expected,POSSIBLE_PLATE_LOADED_MACHINE; LEVER_RESOLVED_SELECTOR_ONLY
ex-0591,Lever overhand triceps dip,upper arms,triceps,chest; shoulders,leverage machine,machine,triceps,core,selectorized,total,,none,elbow_extension,compound,none_expected,COMPOUND_SINGLE_MUSCLE_METADATA; POSSIBLE_PLATE_LOADED_MACHINE; LEVER_RESOLVED_SELECTOR_ONLY
ex-0592,Lever preacher curl,upper arms,biceps,forearms,leverage machine,machine,biceps,forearms,selectorized,total,,none,elbow_flexion,isolation,none_expected,POSSIBLE_PLATE_LOADED_MACHINE; LEVER_RESOLVED_SELECTOR_ONLY
ex-1614,Lever preacher curl v. 2,upper arms,biceps,forearms,leverage machine,machine,biceps,forearms,selectorized,total,,none,elbow_flexion,isolation,none_expected,POSSIBLE_PLATE_LOADED_MACHINE; LEVER_RESOLVED_SELECTOR_ONLY
ex-2285,Lever pullover,back,lats,triceps; shoulders,leverage machine,machine,back,triceps; core,selectorized,total,,none,other,isolation,none_expected,POSSIBLE_PLATE_LOADED_MACHINE; LEVER_RESOLVED_SELECTOR_ONLY
ex-2736,Lever reverse grip lateral pulldown,back,lats,biceps; rhomboids; rear deltoids,leverage machine,machine,back,biceps; core,selectorized,total,,none,pulldown,compound,none_expected,POSSIBLE_PLATE_LOADED_MACHINE; LEVER_RESOLVED_SELECTOR_ONLY
ex-1616,Lever reverse grip preacher curl,upper arms,biceps,forearms,leverage machine,machine,biceps,forearms,selectorized,total,,none,elbow_flexion,isolation,none_expected,POSSIBLE_PLATE_LOADED_MACHINE; LEVER_RESOLVED_SELECTOR_ONLY
ex-1348,Lever reverse grip vertical row,back,upper back,biceps; forearms,leverage machine,machine,back,biceps; forearms,selectorized,total,,none,row,compound,none_expected,POSSIBLE_PLATE_LOADED_MACHINE; LEVER_RESOLVED_SELECTOR_ONLY
ex-0593,Lever reverse hyperextension,upper legs,glutes,hamstrings; lower back,leverage machine,machine,glutes,hamstrings; core,selectorized,total,,none,other,unknown,none_expected,POSSIBLE_PLATE_LOADED_MACHINE; LEVER_RESOLVED_SELECTOR_ONLY
ex-1349,Lever reverse t-bar row,back,upper back,biceps; forearms,leverage machine,machine,back,biceps; forearms,selectorized,total,,none,row,compound,none_expected,POSSIBLE_PLATE_LOADED_MACHINE; LEVER_RESOLVED_SELECTOR_ONLY
ex-2315,Lever rotary calf,lower legs,calves,soleus; ankle stabilizers,leverage machine,machine,calves,core,selectorized,total,,none,calf_raise,isolation,none_expected,POSSIBLE_PLATE_LOADED_MACHINE; LEVER_RESOLVED_SELECTOR_ONLY
ex-2335,Lever seated calf press,lower legs,calves,soleus; hamstrings,leverage machine,machine,calves,core; hamstrings,selectorized,total,,none,calf_raise,isolation,none_expected,POSSIBLE_PLATE_LOADED_MACHINE; LEVER_RESOLVED_SELECTOR_ONLY
ex-0594,Lever seated calf raise,lower legs,calves,soleus; ankle stabilizers,leverage machine,machine,calves,core,selectorized,total,,none,calf_raise,isolation,none_expected,POSSIBLE_PLATE_LOADED_MACHINE; LEVER_RESOLVED_SELECTOR_ONLY
ex-1452,Lever seated crunch,waist,abs,obliques,leverage machine,machine,core,,selectorized,total,,none,core,unknown,none_expected,SECONDARY_DUPLICATES_PRIMARY; POSSIBLE_PLATE_LOADED_MACHINE; LEVER_RESOLVED_SELECTOR_ONLY
ex-0595,Lever seated crunch (chest pad),waist,abs,obliques,leverage machine,machine,core,,selectorized,total,,none,core,unknown,none_expected,SECONDARY_DUPLICATES_PRIMARY; POSSIBLE_PLATE_LOADED_MACHINE; LEVER_RESOLVED_SELECTOR_ONLY
ex-3760,Lever seated crunch v. 2,waist,abs,obliques; hip flexors,leverage machine,machine,core,,selectorized,total,,none,core,unknown,none_expected,SECONDARY_DUPLICATES_PRIMARY; POSSIBLE_PLATE_LOADED_MACHINE; LEVER_RESOLVED_SELECTOR_ONLY
ex-1451,Lever seated dip,upper arms,triceps,chest; shoulders,leverage machine,machine,triceps,core,selectorized,total,,none,elbow_extension,compound,none_expected,COMPOUND_SINGLE_MUSCLE_METADATA; POSSIBLE_PLATE_LOADED_MACHINE; LEVER_RESOLVED_SELECTOR_ONLY
ex-0596,Lever seated fly,chest,pectorals,deltoids; trapezius,leverage machine,machine,chest,core,selectorized,total,,none,fly,isolation,none_expected,POSSIBLE_PLATE_LOADED_MACHINE; LEVER_RESOLVED_SELECTOR_ONLY
ex-3759,Lever seated good morning,upper legs,glutes,hamstrings; lower back,leverage machine,machine,glutes,hamstrings; core,selectorized,total,,none,other,unknown,none_expected,POSSIBLE_PLATE_LOADED_MACHINE; LEVER_RESOLVED_SELECTOR_ONLY
ex-0597,Lever seated hip abduction,upper legs,abductors,glutes; hamstrings,leverage machine,machine,quadriceps,glutes; hamstrings,selectorized,total,,none,other,unknown,none_expected,UNMAPPED_TARGET; POSSIBLE_PLATE_LOADED_MACHINE; LEVER_RESOLVED_SELECTOR_ONLY
ex-0598,Lever seated hip adduction,upper legs,adductors,hamstrings; glutes,leverage machine,machine,quadriceps,hamstrings; glutes,selectorized,total,,none,other,unknown,none_expected,UNMAPPED_TARGET; POSSIBLE_PLATE_LOADED_MACHINE; LEVER_RESOLVED_SELECTOR_ONLY
ex-0599,Lever seated leg curl,upper legs,hamstrings,calves,leverage machine,machine,hamstrings,calves,selectorized,total,,none,knee_flexion,isolation,none_expected,POSSIBLE_PLATE_LOADED_MACHINE; LEVER_RESOLVED_SELECTOR_ONLY
ex-0600,Lever seated leg raise crunch,waist,abs,hip flexors,leverage machine,machine,core,,selectorized,total,,none,core,isolation,none_expected,SECONDARY_DUPLICATES_PRIMARY; POSSIBLE_PLATE_LOADED_MACHINE; LEVER_RESOLVED_SELECTOR_ONLY
ex-0602,Lever seated reverse fly,shoulders,delts,trapezius; rhomboids,leverage machine,machine,shoulders,core,selectorized,total,,none,rear_delt,isolation,none_expected,POSSIBLE_PLATE_LOADED_MACHINE; LEVER_RESOLVED_SELECTOR_ONLY
ex-0601,Lever seated reverse fly (parallel grip),shoulders,delts,trapezius; rhomboids,leverage machine,machine,shoulders,core,selectorized,total,,none,rear_delt,isolation,none_expected,POSSIBLE_PLATE_LOADED_MACHINE; LEVER_RESOLVED_SELECTOR_ONLY
ex-1350,Lever seated row,back,upper back,biceps; forearms,leverage machine,machine,back,biceps; forearms,selectorized,total,,none,row,compound,none_expected,POSSIBLE_PLATE_LOADED_MACHINE; LEVER_RESOLVED_SELECTOR_ONLY
ex-1385,Lever seated squat calf raise on leg press machine,lower legs,calves,quadriceps; hamstrings; glutes,leverage machine,machine,calves,core; hamstrings; glutes,selectorized,total,,none,leg_press,compound,none_expected,POSSIBLE_PLATE_LOADED_MACHINE; LEVER_RESOLVED_SELECTOR_ONLY
ex-0603,Lever shoulder press,shoulders,delts,triceps; chest,leverage machine,machine,shoulders,triceps; core,selectorized,total,,none,vertical_press,compound,none_expected,POSSIBLE_PLATE_LOADED_MACHINE; LEVER_RESOLVED_SELECTOR_ONLY
ex-0869,Lever shoulder press v. 2,shoulders,delts,triceps; chest,leverage machine,machine,shoulders,triceps; core,selectorized,total,,none,vertical_press,compound,none_expected,POSSIBLE_PLATE_LOADED_MACHINE; LEVER_RESOLVED_SELECTOR_ONLY
ex-2318,Lever shoulder press v. 3,shoulders,delts,triceps; chest,leverage machine,machine,shoulders,triceps; core,selectorized,total,,none,vertical_press,compound,none_expected,POSSIBLE_PLATE_LOADED_MACHINE; LEVER_RESOLVED_SELECTOR_ONLY
ex-0604,Lever shrug,back,traps,shoulders,leverage machine,machine,back,core,selectorized,total,,none,other,isolation,none_expected,UNMAPPED_TARGET; POSSIBLE_PLATE_LOADED_MACHINE; LEVER_RESOLVED_SELECTOR_ONLY
ex-0605,Lever standing calf raise,lower legs,calves,soleus; ankle stabilizers,leverage machine,machine,calves,core,selectorized,total,,none,calf_raise,isolation,none_expected,POSSIBLE_PLATE_LOADED_MACHINE; LEVER_RESOLVED_SELECTOR_ONLY
ex-3758,Lever standing chest press,chest,pectorals,shoulders; triceps,leverage machine,machine,chest,core; triceps,selectorized,total,,none,bench_press,compound,none_expected,POSSIBLE_PLATE_LOADED_MACHINE; LEVER_RESOLVED_SELECTOR_ONLY
ex-0606,Lever t bar row,back,upper back,biceps; forearms,leverage machine,machine,back,biceps; forearms,selectorized,total,,none,row,compound,none_expected,POSSIBLE_PLATE_LOADED_MACHINE; LEVER_RESOLVED_SELECTOR_ONLY
ex-1351,Lever t-bar reverse grip row,back,upper back,biceps; forearms,leverage machine,machine,back,biceps; forearms,selectorized,total,,none,row,compound,none_expected,POSSIBLE_PLATE_LOADED_MACHINE; LEVER_RESOLVED_SELECTOR_ONLY
ex-0607,Lever triceps extension,upper arms,triceps,shoulders,leverage machine,machine,triceps,core,selectorized,total,,none,elbow_extension,isolation,none_expected,POSSIBLE_PLATE_LOADED_MACHINE; LEVER_RESOLVED_SELECTOR_ONLY
ex-1313,Lever unilateral row,back,upper back,biceps; forearms,leverage machine,machine,back,biceps; forearms,selectorized,per_side,,none,row,compound,none_expected,POSSIBLE_PLATE_LOADED_MACHINE; LEVER_RESOLVED_SELECTOR_ONLY
ex-0609,London bridge,back,upper back,shoulders; biceps; forearms,rope,other,back,core; biceps; forearms,other,total,,none,other,unknown,none_expected,UNMAPPED_EQUIPMENT
ex-3013,Low glute bridge on floor,upper legs,glutes,hamstrings; core,body weight,bodyweight,glutes,hamstrings; core,bodyweight,added_weight,,none,hip_thrust,compound,none_expected,
ex-1352,Lower back curl,back,spine,glutes; hamstrings,body weight,bodyweight,back,glutes; hamstrings,bodyweight,added_weight,,none,elbow_flexion,isolation,none_expected,
ex-3582,Lunge with jump,upper legs,glutes,quadriceps; hamstrings; calves,body weight,bodyweight,glutes,core; hamstrings; calves,bodyweight,added_weight,,none,lunge,compound,none_expected,LOWER_BODY_COMPOUND_PRIMARY_GLUTES_ONLY
ex-1688,Lunge with twist,waist,abs,quadriceps; glutes; hamstrings,body weight,bodyweight,core,glutes; hamstrings,bodyweight,added_weight,,none,lunge,compound,none_expected,SECONDARY_DUPLICATES_PRIMARY
ex-0613,Lying (side) quads stretch,upper legs,quads,hamstrings,body weight,bodyweight,quadriceps,hamstrings,bodyweight,added_weight,,none,other,unknown,none_expected,
ex-2312,Lying elbow to knee,waist,abs,hip flexors; lower back,body weight,bodyweight,core,,bodyweight,added_weight,,none,core,unknown,none_expected,SECONDARY_DUPLICATES_PRIMARY
ex-0620,Lying leg raise flat bench,waist,abs,hip flexors,body weight,bodyweight,core,,bodyweight,added_weight,,none,core,isolation,none_expected,SECONDARY_DUPLICATES_PRIMARY
ex-0865,Lying leg-hip raise,waist,abs,hip flexors,body weight,bodyweight,core,,bodyweight,added_weight,,none,core,isolation,none_expected,SECONDARY_DUPLICATES_PRIMARY
ex-1301,Machine inner chest press,chest,pectorals,triceps; shoulders,leverage machine,machine,chest,triceps; core,selectorized,total,,none,bench_press,compound,none_expected,POSSIBLE_PLATE_LOADED_MACHINE; LEVER_RESOLVED_SELECTOR_ONLY
ex-0624,March sit (wall),upper legs,glutes,quadriceps; hamstrings; calves,body weight,bodyweight,glutes,core; hamstrings; calves,bodyweight,added_weight,,none,other,unknown,none_expected,
ex-1353,Medicine ball catch and overhead throw,back,lats,shoulders; core,medicine ball,other,back,core,other,total,,none,other,unknown,none_expected,UNMAPPED_EQUIPMENT
ex-1302,Medicine ball chest pass,chest,pectorals,shoulders; triceps,medicine ball,other,chest,core; triceps,other,total,,none,other,unknown,none_expected,UNMAPPED_EQUIPMENT
ex-1303,Medicine ball chest push from 3 point stance,chest,pectorals,shoulders; triceps,medicine ball,other,chest,core; triceps,other,total,,none,other,unknown,none_expected,UNMAPPED_EQUIPMENT
ex-1304,Medicine ball chest push multiple response,chest,pectorals,triceps; shoulders,medicine ball,other,chest,triceps; core,other,total,,none,other,unknown,none_expected,UNMAPPED_EQUIPMENT
ex-1305,Medicine ball chest push single response,chest,pectorals,triceps; shoulders,medicine ball,other,chest,triceps; core,other,total,,none,other,unknown,none_expected,UNMAPPED_EQUIPMENT
ex-1312,Medicine ball chest push with run release,chest,pectorals,triceps; shoulders; core,medicine ball,other,chest,triceps; core,other,total,,none,other,unknown,none_expected,UNMAPPED_EQUIPMENT
ex-1701,Medicine ball close grip push up,upper arms,triceps,chest; shoulders,medicine ball,other,triceps,core,other,total,,none,bench_press,compound,none_expected,UNMAPPED_EQUIPMENT; COMPOUND_SINGLE_MUSCLE_METADATA
ex-1354,Medicine ball overhead slam,back,upper back,shoulders; core,medicine ball,other,back,core,other,total,,none,other,unknown,none_expected,UNMAPPED_EQUIPMENT
ex-1750,Medicine ball supine chest throw,upper arms,triceps,chest; shoulders,medicine ball,other,triceps,core,other,total,,none,other,unknown,none_expected,UNMAPPED_EQUIPMENT
ex-0627,Mixed grip chin-up,back,lats,biceps; forearms,body weight,bodyweight,back,biceps; forearms,bodyweight,added_weight,1,none,chin_up,compound,none_expected,
ex-3217,Modified hindu push-up (male),chest,pectorals,triceps; shoulders; core,body weight,bodyweight,chest,triceps; core,bodyweight,added_weight,,none,bench_press,compound,none_expected,
ex-1421,Modified push up to lower arms,lower arms,forearms,triceps; chest; shoulders,body weight,bodyweight,forearms,triceps; core,bodyweight,added_weight,,none,bench_press,compound,none_expected,
ex-0628,Monster walk,upper legs,glutes,hamstrings; quadriceps,body weight,bodyweight,glutes,hamstrings; core,bodyweight,added_weight,,none,other,unknown,none_expected,
ex-0630,Mountain climber,cardio,cardiovascular system,core; shoulders; triceps,body weight,bodyweight,core,triceps,bodyweight,added_weight,,none,other,unknown,none_expected,UNMAPPED_TARGET; TARGET_FALLBACK_TO_CORE; SECONDARY_DUPLICATES_PRIMARY
ex-0631,Muscle up,back,lats,biceps; triceps; shoulders; chest,body weight,bodyweight,back,biceps; triceps; core,bodyweight,added_weight,1,none,other,compound,none_expected,
ex-1401,Muscle-up (on vertical bar),back,lats,biceps; triceps; forearms,body weight,bodyweight,back,biceps; triceps; forearms,bodyweight,added_weight,1,none,other,compound,none_expected,
ex-2328,Narrow push-up on exercise ball,upper arms,triceps,chest; shoulders,stability ball,other,triceps,core,other,total,,none,bench_press,compound,none_expected,UNMAPPED_EQUIPMENT; COMPOUND_SINGLE_MUSCLE_METADATA
ex-1403,Neck side stretch,neck,levator scapulae,trapezius; sternocleidomastoid,body weight,bodyweight,core,,bodyweight,added_weight,,none,other,unknown,none_expected,UNMAPPED_TARGET; TARGET_FALLBACK_TO_CORE; SECONDARY_DUPLICATES_PRIMARY
ex-0634,Negative crunch,waist,abs,hip flexors,body weight,bodyweight,core,,bodyweight,added_weight,,none,core,unknown,none_expected,SECONDARY_DUPLICATES_PRIMARY
ex-1495,Oblique crunch v. 2,waist,abs,obliques,body weight,bodyweight,core,,bodyweight,added_weight,,none,core,unknown,none_expected,SECONDARY_DUPLICATES_PRIMARY
ex-0635,Oblique crunches floor,waist,abs,obliques,body weight,bodyweight,core,,bodyweight,added_weight,,none,core,unknown,none_expected,SECONDARY_DUPLICATES_PRIMARY
ex-0636,Olympic barbell hammer curl,upper arms,biceps,forearms,olympic barbell,barbell,biceps,forearms,barbell,total,,user_bar,elbow_flexion,isolation,none_expected,
ex-0637,Olympic barbell triceps extension,upper arms,triceps,shoulders,olympic barbell,barbell,triceps,core,barbell,total,,user_bar,elbow_extension,isolation,none_expected,
ex-1355,One arm against wall,back,lats,shoulders; triceps,body weight,bodyweight,back,core; triceps,bodyweight,added_weight,,none,other,unknown,none_expected,
ex-0638,One arm chin-up,back,lats,biceps; forearms,body weight,bodyweight,back,biceps; forearms,bodyweight,added_weight,1,none,chin_up,compound,none_expected,
ex-0639,One arm dip,upper arms,triceps,chest; shoulders,body weight,bodyweight,triceps,core,bodyweight,added_weight,,none,elbow_extension,compound,none_expected,COMPOUND_SINGLE_MUSCLE_METADATA
ex-0640,One arm slam (with medicine ball),waist,abs,shoulders; back,medicine ball,other,core,,other,total,,none,core,unknown,none_expected,UNMAPPED_EQUIPMENT; SECONDARY_DUPLICATES_PRIMARY
ex-1773,One arm towel row,back,upper back,biceps; forearms,body weight,bodyweight,back,biceps; forearms,bodyweight,added_weight,,none,row,compound,none_expected,
ex-1386,One leg donkey calf raise,lower legs,calves,hamstrings; glutes,body weight,bodyweight,calves,hamstrings; glutes,bodyweight,added_weight,,none,calf_raise,isolation,none_expected,
ex-1387,One leg floor calf raise,lower legs,calves,ankles; feet,body weight,bodyweight,calves,core,bodyweight,added_weight,,none,calf_raise,isolation,none_expected,
ex-1476,One leg squat,upper legs,glutes,quadriceps; hamstrings; calves,body weight,bodyweight,glutes,core; hamstrings; calves,bodyweight,added_weight,,none,squat,compound,none_expected,LOWER_BODY_COMPOUND_PRIMARY_GLUTES_ONLY
ex-0641,Otis up,waist,abs,hip flexors; lower back,weighted,other,core,,other,total,,none,core,unknown,none_expected,UNMAPPED_EQUIPMENT; SECONDARY_DUPLICATES_PRIMARY
ex-0642,Outside leg kick push-up,upper legs,glutes,quadriceps; hamstrings; calves,body weight,bodyweight,glutes,core; hamstrings; calves,bodyweight,added_weight,,none,bench_press,compound,none_expected,
ex-0643,Overhead triceps stretch,upper arms,triceps,shoulders,body weight,bodyweight,triceps,core,bodyweight,added_weight,,none,other,unknown,none_expected,
ex-3147,Pelvic tilt,waist,abs,lower back,body weight,bodyweight,core,,bodyweight,added_weight,,none,core,unknown,none_expected,SECONDARY_DUPLICATES_PRIMARY
ex-1422,Pelvic tilt into bridge,upper legs,glutes,hamstrings; core,body weight,bodyweight,glutes,hamstrings; core,bodyweight,added_weight,,none,other,unknown,none_expected,
ex-1388,Peroneals stretch,lower legs,calves,ankles; feet,rope,other,calves,core,other,total,,none,calf_raise,isolation,none_expected,UNMAPPED_EQUIPMENT
ex-3662,Pike-to-cobra push-up,upper legs,glutes,core; shoulders; triceps,body weight,bodyweight,glutes,core; triceps,bodyweight,added_weight,,none,bench_press,compound,none_expected,
ex-1306,Plyo push up,chest,pectorals,triceps; shoulders; core,body weight,bodyweight,chest,triceps; core,bodyweight,added_weight,,none,bench_press,compound,none_expected,
ex-1687,Posterior step to overhead reach,waist,abs,glutes; hamstrings; quadriceps; shoulders,body weight,bodyweight,core,glutes; hamstrings,bodyweight,added_weight,,none,core,unknown,none_expected,SECONDARY_DUPLICATES_PRIMARY
ex-1389,Posterior tibialis stretch,lower legs,calves,hamstrings; quadriceps,rope,other,calves,hamstrings; core,other,total,,none,calf_raise,isolation,none_expected,UNMAPPED_EQUIPMENT
ex-3119,Potty squat,waist,abs,quadriceps; glutes,body weight,bodyweight,core,glutes,bodyweight,added_weight,,none,squat,compound,none_expected,SECONDARY_DUPLICATES_PRIMARY
ex-3132,Potty squat with support,upper legs,glutes,quadriceps; hamstrings; calves,body weight,bodyweight,glutes,core; hamstrings; calves,bodyweight,added_weight,,none,squat,compound,none_expected,LOWER_BODY_COMPOUND_PRIMARY_GLUTES_ONLY
ex-0648,Power clean,upper legs,hamstrings,glutes; quadriceps; calves,barbell,barbell,hamstrings,glutes; core; calves,barbell,total,,user_bar,other,unknown,none_expected,
ex-3665,Power point plank,waist,abs,shoulders; triceps; glutes,body weight,bodyweight,core,triceps; glutes,bodyweight,added_weight,,none,core,unknown,none_expected,SECONDARY_DUPLICATES_PRIMARY
ex-3203,Prisoner half sit-up (male),waist,abs,hip flexors,body weight,bodyweight,core,,bodyweight,added_weight,,none,core,unknown,none_expected,SECONDARY_DUPLICATES_PRIMARY
ex-1707,Prone twist on stability ball,waist,abs,obliques; lower back,stability ball,other,core,,other,total,,none,core,unknown,none_expected,UNMAPPED_EQUIPMENT; SECONDARY_DUPLICATES_PRIMARY
ex-0651,Pull up (neutral grip),back,lats,biceps; forearms,body weight,bodyweight,back,biceps; forearms,bodyweight,added_weight,1,none,pull_up,compound,none_expected,
ex-0650,Pull-in (on stability ball),waist,abs,hip flexors,stability ball,other,core,,other,total,,none,core,unknown,none_expected,UNMAPPED_EQUIPMENT; SECONDARY_DUPLICATES_PRIMARY
ex-0652,Pull-up,back,lats,biceps; forearms,body weight,bodyweight,back,biceps; forearms,bodyweight,added_weight,1,none,pull_up,compound,none_expected,
ex-1689,Push and pull bodyweight,chest,pectorals,triceps; deltoids,body weight,bodyweight,chest,triceps; core,bodyweight,added_weight,,none,other,unknown,none_expected,
ex-3638,Push to run,cardio,cardiovascular system,quadriceps; hamstrings; calves,body weight,bodyweight,core,hamstrings; calves,bodyweight,added_weight,,none,other,unknown,none_expected,UNMAPPED_TARGET; TARGET_FALLBACK_TO_CORE; SECONDARY_DUPLICATES_PRIMARY
ex-1307,Push up on bosu ball,chest,pectorals,triceps; shoulders; core,bosu ball,other,chest,triceps; core,other,total,,none,bench_press,compound,none_expected,UNMAPPED_EQUIPMENT
ex-0662,Push-up,chest,pectorals,triceps; deltoids; core,body weight,bodyweight,chest,triceps; core,bodyweight,added_weight,,none,bench_press,compound,none_expected,
ex-0653,Push-up (bosu ball),chest,pectorals,triceps; shoulders; core,bosu ball,other,chest,triceps; core,other,total,,none,bench_press,compound,none_expected,UNMAPPED_EQUIPMENT
ex-0655,Push-up (on stability ball),chest,pectorals,triceps; shoulders; core,stability ball,other,chest,triceps; core,other,total,,none,bench_press,compound,none_expected,UNMAPPED_EQUIPMENT
ex-0656,Push-up (on stability ball),chest,pectorals,triceps; shoulders; core,stability ball,other,chest,triceps; core,other,total,,none,bench_press,compound,none_expected,UNMAPPED_EQUIPMENT
ex-0659,Push-up (wall),chest,pectorals,triceps; deltoids,body weight,bodyweight,chest,triceps; core,bodyweight,added_weight,,none,bench_press,compound,none_expected,
ex-0658,Push-up (wall) v. 2,chest,pectorals,triceps; shoulders,body weight,bodyweight,chest,triceps; core,bodyweight,added_weight,,none,bench_press,compound,none_expected,
ex-0660,Push-up close-grip off dumbbell,upper arms,triceps,chest; shoulders,dumbbell,dumbbell,triceps,core,dumbbell,per_hand,,none,bench_press,compound,none_expected,COMPOUND_SINGLE_MUSCLE_METADATA
ex-0661,Push-up inside leg kick,upper legs,glutes,quadriceps; hamstrings; calves; core,body weight,bodyweight,glutes,core; hamstrings; calves,bodyweight,added_weight,,none,bench_press,compound,none_expected,
ex-0663,Push-up medicine ball,chest,pectorals,triceps; shoulders; core,medicine ball,other,chest,triceps; core,other,total,,none,bench_press,compound,none_expected,UNMAPPED_EQUIPMENT
ex-1467,Push-up on lower arms,upper arms,triceps,chest; shoulders,body weight,bodyweight,triceps,core,bodyweight,added_weight,,none,bench_press,compound,none_expected,COMPOUND_SINGLE_MUSCLE_METADATA
ex-3145,Push-up plus,chest,pectorals,triceps; shoulders,body weight,bodyweight,chest,triceps; core,bodyweight,added_weight,,none,bench_press,compound,none_expected,
ex-0664,Push-up to side plank,waist,abs,shoulders; chest; triceps,body weight,bodyweight,core,triceps,bodyweight,added_weight,,none,bench_press,compound,none_expected,SECONDARY_DUPLICATES_PRIMARY
ex-3533,Quads,upper legs,quads,hamstrings; glutes,body weight,bodyweight,quadriceps,hamstrings; glutes,bodyweight,added_weight,,none,other,unknown,none_expected,
ex-3201,Quarter sit-up,waist,abs,hip flexors,body weight,bodyweight,core,,bodyweight,added_weight,,none,core,unknown,none_expected,SECONDARY_DUPLICATES_PRIMARY
ex-3552,Quick feet v. 2,upper legs,quads,calves; hamstrings,body weight,bodyweight,quadriceps,calves; hamstrings,bodyweight,added_weight,,none,other,unknown,none_expected,
ex-0666,Raise single arm push-up,chest,pectorals,triceps; shoulders; core,body weight,bodyweight,chest,triceps; core,bodyweight,added_weight,,none,bench_press,compound,none_expected,
ex-0668,Rear decline bridge,upper legs,glutes,hamstrings; lower back,body weight,bodyweight,glutes,hamstrings; core,bodyweight,added_weight,,none,other,unknown,none_expected,
ex-0669,Rear deltoid stretch,shoulders,delts,trapezius; rhomboids,body weight,bodyweight,shoulders,core,bodyweight,added_weight,,none,other,unknown,none_expected,
ex-0670,Rear pull-up,back,lats,biceps; forearms,body weight,bodyweight,back,biceps; forearms,bodyweight,added_weight,1,none,pull_up,compound,none_expected,
ex-1582,Reclining big toe pose with rope,upper legs,hamstrings,calves; glutes,rope,other,hamstrings,calves; glutes,other,total,,none,other,unknown,none_expected,UNMAPPED_EQUIPMENT
ex-3236,Resistance band hip thrusts on knees (female),upper legs,glutes,hamstrings; quadriceps,resistance band,other,glutes,hamstrings; core,other,total,,none,other,unknown,none_expected,UNMAPPED_EQUIPMENT
ex-3007,Resistance band leg extension,upper legs,quads,hamstrings,resistance band,other,quadriceps,hamstrings,other,total,,none,knee_extension,isolation,none_expected,UNMAPPED_EQUIPMENT
ex-3123,Resistance band seated biceps curl,upper arms,biceps,forearms,resistance band,other,biceps,forearms,other,total,,none,elbow_flexion,isolation,none_expected,UNMAPPED_EQUIPMENT
ex-3124,Resistance band seated chest press,chest,pectorals,shoulders; triceps,resistance band,other,chest,core; triceps,other,total,,none,bench_press,compound,none_expected,UNMAPPED_EQUIPMENT
ex-3006,Resistance band seated hip abduction,upper legs,abductors,glutes; hamstrings,resistance band,other,quadriceps,glutes; hamstrings,other,total,,none,other,unknown,none_expected,UNMAPPED_EQUIPMENT; UNMAPPED_TARGET
ex-3122,Resistance band seated shoulder press,shoulders,delts,triceps; upper back,resistance band,other,shoulders,triceps; back,other,total,,none,vertical_press,compound,none_expected,UNMAPPED_EQUIPMENT
ex-3144,Resistance band seated straight back row,back,upper back,biceps; shoulders,resistance band,other,back,biceps; core,other,total,,none,row,compound,none_expected,UNMAPPED_EQUIPMENT
ex-0872,Reverse crunch,waist,abs,hip flexors,body weight,bodyweight,core,,bodyweight,added_weight,,none,core,unknown,none_expected,SECONDARY_DUPLICATES_PRIMARY
ex-0672,Reverse dip,upper arms,triceps,chest; shoulders,body weight,bodyweight,triceps,core,bodyweight,added_weight,,none,elbow_extension,compound,none_expected,COMPOUND_SINGLE_MUSCLE_METADATA
ex-0673,Reverse grip machine lat pulldown,back,lats,biceps; forearms,leverage machine,machine,back,biceps; forearms,selectorized,total,,none,pulldown,compound,none_expected,POSSIBLE_PLATE_LOADED_MACHINE; LEVER_RESOLVED_SELECTOR_ONLY
ex-0674,Reverse grip pull-up,back,lats,biceps; forearms,body weight,bodyweight,back,biceps; forearms,bodyweight,added_weight,1,none,pull_up,compound,none_expected,
ex-0675,Reverse hyper extension (on stability ball),upper legs,glutes,hamstrings; lower back,stability ball,other,glutes,hamstrings; core,other,total,,none,elbow_extension,isolation,none_expected,UNMAPPED_EQUIPMENT
ex-1423,Reverse hyper on flat bench,upper legs,glutes,hamstrings; lower back,body weight,bodyweight,glutes,hamstrings; core,bodyweight,added_weight,,none,other,unknown,none_expected,
ex-3663,Reverse plank with leg lift,waist,abs,glutes; hamstrings; shoulders,body weight,bodyweight,core,glutes; hamstrings,bodyweight,added_weight,,none,core,unknown,none_expected,SECONDARY_DUPLICATES_PRIMARY
ex-0677,Ring dips,upper arms,triceps,chest; shoulders,body weight,bodyweight,triceps,core,bodyweight,added_weight,,none,elbow_extension,compound,none_expected,COMPOUND_SINGLE_MUSCLE_METADATA
ex-2571,Rocking frog stretch,upper legs,glutes,hamstrings; quadriceps,body weight,bodyweight,glutes,hamstrings; core,bodyweight,added_weight,,none,other,unknown,none_expected,
ex-0678,Rocky pull-up pulldown,back,lats,biceps; forearms,body weight,bodyweight,back,biceps; forearms,bodyweight,added_weight,1,none,pull_up,compound,none_expected,
ex-2208,Roller back stretch,back,spine,hamstrings; glutes,roller,other,back,hamstrings; glutes,other,total,,none,other,unknown,none_expected,UNMAPPED_EQUIPMENT
ex-2204,Roller body saw,waist,abs,shoulders; triceps; core,roller,other,core,triceps,other,total,,none,core,unknown,none_expected,UNMAPPED_EQUIPMENT; SECONDARY_DUPLICATES_PRIMARY
ex-2205,Roller hip lat stretch,upper legs,glutes,hamstrings; quadriceps,roller,other,glutes,hamstrings; core,other,total,,none,other,unknown,none_expected,UNMAPPED_EQUIPMENT
ex-2202,Roller hip stretch,upper legs,glutes,hamstrings; quadriceps,roller,other,glutes,hamstrings; core,other,total,,none,other,unknown,none_expected,UNMAPPED_EQUIPMENT
ex-2206,Roller reverse crunch,waist,abs,hip flexors,roller,other,core,,other,total,,none,core,unknown,none_expected,UNMAPPED_EQUIPMENT; SECONDARY_DUPLICATES_PRIMARY
ex-2203,Roller seated shoulder flexor depresor retractor,chest,pectorals,deltoids; triceps,roller,other,chest,core; triceps,other,total,,none,other,unknown,none_expected,UNMAPPED_EQUIPMENT
ex-2209,Roller seated single leg shoulder flexor depresor retractor,chest,pectorals,deltoids; triceps,roller,other,chest,core; triceps,other,total,,none,other,unknown,none_expected,UNMAPPED_EQUIPMENT
ex-2207,Roller side lat stretch,back,lats,shoulders; triceps,roller,other,back,core; triceps,other,total,,none,other,unknown,none_expected,UNMAPPED_EQUIPMENT
ex-0680,Rope climb,back,upper back,forearms; biceps; shoulders,rope,other,back,forearms; biceps; core,other,total,,none,other,unknown,none_expected,UNMAPPED_EQUIPMENT
ex-0685,Run,cardio,cardiovascular system,quadriceps; hamstrings; calves,body weight,bodyweight,core,hamstrings; calves,bodyweight,added_weight,,none,other,unknown,none_expected,UNMAPPED_TARGET; TARGET_FALLBACK_TO_CORE; SECONDARY_DUPLICATES_PRIMARY
ex-0684,Run (equipment),cardio,cardiovascular system,quadriceps; hamstrings; calves,body weight,bodyweight,core,hamstrings; calves,bodyweight,added_weight,,none,other,unknown,none_expected,UNMAPPED_TARGET; TARGET_FALLBACK_TO_CORE; SECONDARY_DUPLICATES_PRIMARY
ex-1585,Runners stretch,upper legs,hamstrings,calves; quadriceps,body weight,bodyweight,hamstrings,calves; core,bodyweight,added_weight,,none,other,unknown,none_expected,
ex-0687,Russian twist,waist,abs,obliques,body weight,bodyweight,core,,bodyweight,added_weight,,none,core,unknown,none_expected,SECONDARY_DUPLICATES_PRIMARY
ex-3012,Scapula dips,back,traps,rhomboids; deltoids,body weight,bodyweight,back,core,bodyweight,added_weight,,none,elbow_extension,compound,none_expected,UNMAPPED_TARGET; COMPOUND_SINGLE_MUSCLE_METADATA
ex-3021,Scapula push-up,chest,serratus anterior,triceps; shoulders,body weight,bodyweight,chest,triceps; core,bodyweight,added_weight,,none,bench_press,compound,none_expected,UNMAPPED_TARGET
ex-0688,Scapular pull-up,back,traps,biceps; rhomboids; rear deltoids,body weight,bodyweight,back,biceps; core,bodyweight,added_weight,1,none,pull_up,compound,none_expected,UNMAPPED_TARGET
ex-3219,Scissor jumps (male),cardio,cardiovascular system,quadriceps; hamstrings; calves,body weight,bodyweight,core,hamstrings; calves,bodyweight,added_weight,,none,other,unknown,none_expected,UNMAPPED_TARGET; TARGET_FALLBACK_TO_CORE; SECONDARY_DUPLICATES_PRIMARY
ex-1390,Seated calf stretch (male),lower legs,calves,hamstrings,body weight,bodyweight,calves,hamstrings,bodyweight,added_weight,,none,calf_raise,isolation,none_expected,
ex-1424,Seated glute stretch,upper legs,glutes,hamstrings,body weight,bodyweight,glutes,hamstrings,bodyweight,added_weight,,none,other,unknown,none_expected,
ex-0689,Seated leg raise,waist,abs,hip flexors,body weight,bodyweight,core,,bodyweight,added_weight,,none,core,isolation,none_expected,SECONDARY_DUPLICATES_PRIMARY
ex-0690,Seated lower back stretch,back,lats,glutes; hamstrings,body weight,bodyweight,back,glutes; hamstrings,bodyweight,added_weight,,none,other,unknown,none_expected,
ex-2567,Seated piriformis stretch,upper legs,glutes,hamstrings,body weight,bodyweight,glutes,hamstrings,bodyweight,added_weight,,none,other,unknown,none_expected,
ex-0691,Seated side crunch (wall),waist,abs,obliques,body weight,bodyweight,core,,bodyweight,added_weight,,none,core,unknown,none_expected,SECONDARY_DUPLICATES_PRIMARY
ex-1587,Seated wide angle pose sequence,upper legs,hamstrings,quadriceps; calves,body weight,bodyweight,hamstrings,core; calves,bodyweight,added_weight,,none,other,unknown,none_expected,
ex-0697,Self assisted inverse leg curl,upper legs,hamstrings,glutes; calves,body weight,bodyweight,hamstrings,glutes; calves,bodyweight,added_weight,,none,knee_flexion,isolation,none_expected,ASSISTED_METADATA_INCONSISTENT
ex-1766,Self assisted inverse leg curl,upper legs,hamstrings,glutes; calves,body weight,bodyweight,hamstrings,glutes; calves,bodyweight,added_weight,,none,knee_flexion,isolation,none_expected,ASSISTED_METADATA_INCONSISTENT
ex-0696,Self assisted inverse leg curl (on floor),upper legs,hamstrings,glutes; calves,body weight,bodyweight,hamstrings,glutes; calves,bodyweight,added_weight,,none,knee_flexion,isolation,none_expected,ASSISTED_METADATA_INCONSISTENT
ex-3222,Semi squat jump (male),cardio,cardiovascular system,quadriceps; hamstrings; calves,body weight,bodyweight,core,hamstrings; calves,bodyweight,added_weight,,none,squat,compound,none_expected,UNMAPPED_TARGET; TARGET_FALLBACK_TO_CORE; SECONDARY_DUPLICATES_PRIMARY
ex-3656,Short stride run,cardio,cardiovascular system,quadriceps; hamstrings; calves,body weight,bodyweight,core,hamstrings; calves,bodyweight,added_weight,,none,other,unknown,none_expected,UNMAPPED_TARGET; TARGET_FALLBACK_TO_CORE; SECONDARY_DUPLICATES_PRIMARY
ex-1763,Shoulder grip pull-up,back,lats,biceps; forearms,body weight,bodyweight,back,biceps; forearms,bodyweight,added_weight,1,none,pull_up,compound,none_expected,
ex-3699,Shoulder tap,waist,abs,shoulders; triceps,body weight,bodyweight,core,triceps,bodyweight,added_weight,,none,core,unknown,none_expected,SECONDARY_DUPLICATES_PRIMARY
ex-0699,Shoulder tap push-up,chest,pectorals,triceps; core,body weight,bodyweight,chest,triceps; core,bodyweight,added_weight,,none,bench_press,compound,none_expected,
ex-1774,Side bridge hip abduction,upper legs,abductors,glutes; obliques,body weight,bodyweight,quadriceps,glutes; core,bodyweight,added_weight,,none,other,unknown,none_expected,UNMAPPED_TARGET
ex-0705,Side bridge v. 2,waist,abs,obliques; glutes,body weight,bodyweight,core,glutes,bodyweight,added_weight,,none,core,unknown,none_expected,SECONDARY_DUPLICATES_PRIMARY
ex-0709,Side hip (on parallel bars),waist,abs,obliques; hip flexors,body weight,bodyweight,core,,bodyweight,added_weight,,none,core,unknown,none_expected,SECONDARY_DUPLICATES_PRIMARY
ex-0710,Side hip abduction,upper legs,abductors,glutes; quadriceps,body weight,bodyweight,quadriceps,glutes; core,bodyweight,added_weight,,none,other,unknown,none_expected,UNMAPPED_TARGET
ex-1358,Side lying floor stretch,back,lats,obliques; glutes,body weight,bodyweight,back,core; glutes,bodyweight,added_weight,,none,other,unknown,none_expected,
ex-3667,Side lying hip adduction (male),upper legs,adductors,glutes; hamstrings,body weight,bodyweight,quadriceps,glutes; hamstrings,bodyweight,added_weight,,none,other,unknown,none_expected,UNMAPPED_TARGET
ex-1775,Side plank hip adduction,upper legs,adductors,obliques; glutes,body weight,bodyweight,quadriceps,core; glutes,bodyweight,added_weight,,none,core,unknown,none_expected,UNMAPPED_TARGET
ex-0716,Side push neck stretch,neck,levator scapulae,trapezius; sternocleidomastoid,body weight,bodyweight,core,,bodyweight,added_weight,,none,other,unknown,none_expected,UNMAPPED_TARGET; TARGET_FALLBACK_TO_CORE; SECONDARY_DUPLICATES_PRIMARY
ex-0717,Side push-up,upper arms,triceps,shoulders; chest; core,body weight,bodyweight,triceps,core,bodyweight,added_weight,,none,bench_press,compound,none_expected,COMPOUND_SINGLE_MUSCLE_METADATA
ex-0721,Side wrist pull stretch,lower arms,forearms,wrists; hands,body weight,bodyweight,forearms,core,bodyweight,added_weight,,none,other,isolation,none_expected,
ex-0720,Side-to-side chin,back,lats,biceps; forearms,body weight,bodyweight,back,biceps; forearms,bodyweight,added_weight,,none,other,unknown,none_expected,
ex-3213,Side-to-side toe touch (male),waist,abs,obliques; hip flexors,body weight,bodyweight,core,,bodyweight,added_weight,,none,core,unknown,none_expected,SECONDARY_DUPLICATES_PRIMARY
ex-0725,Single arm push-up,chest,pectorals,triceps; shoulders; core,body weight,bodyweight,chest,triceps; core,bodyweight,added_weight,,none,bench_press,compound,none_expected,
ex-3645,Single leg bridge with outstretched leg,upper legs,glutes,hamstrings; quadriceps,body weight,bodyweight,glutes,hamstrings; core,bodyweight,added_weight,,none,other,unknown,none_expected,
ex-0727,Single leg calf raise (on a dumbbell),lower legs,calves,ankles; feet,dumbbell,dumbbell,calves,core,dumbbell,per_hand,,none,calf_raise,isolation,none_expected,
ex-0730,Single leg platform slide,upper legs,hamstrings,glutes; quadriceps,body weight,bodyweight,hamstrings,glutes; core,bodyweight,added_weight,,none,other,unknown,none_expected,
ex-1759,Single leg squat (pistol) male,upper legs,glutes,quadriceps; hamstrings; calves,body weight,bodyweight,glutes,core; hamstrings; calves,bodyweight,added_weight,,none,squat,compound,none_expected,LOWER_BODY_COMPOUND_PRIMARY_GLUTES_ONLY
ex-1489,Sissy squat,upper legs,quads,calves; glutes,body weight,bodyweight,quadriceps,calves; glutes,bodyweight,added_weight,,none,squat,compound,none_expected,LOWER_BODY_COMPOUND_PRIMARY_QUADRICEPS_ONLY
ex-0735,Sit-up v. 2,waist,abs,hip flexors,body weight,bodyweight,core,,bodyweight,added_weight,,none,core,unknown,none_expected,SECONDARY_DUPLICATES_PRIMARY
ex-3679,Sit-up with arms on chest,waist,abs,hip flexors,body weight,bodyweight,core,,bodyweight,added_weight,,none,core,unknown,none_expected,SECONDARY_DUPLICATES_PRIMARY
ex-3361,Skater hops,cardio,cardiovascular system,quadriceps; hamstrings; glutes; calves,body weight,bodyweight,core,hamstrings; glutes; calves,bodyweight,added_weight,,none,other,unknown,none_expected,UNMAPPED_TARGET; TARGET_FALLBACK_TO_CORE; SECONDARY_DUPLICATES_PRIMARY
ex-2142,Ski ergometer,upper arms,triceps,shoulders; forearms,skierg machine,machine,triceps,core; forearms,selectorized,total,,none,other,unknown,none_expected,
ex-3671,Ski step,cardio,cardiovascular system,quadriceps; hamstrings; glutes; calves,body weight,bodyweight,core,hamstrings; glutes; calves,bodyweight,added_weight,,none,other,unknown,none_expected,UNMAPPED_TARGET; TARGET_FALLBACK_TO_CORE; SECONDARY_DUPLICATES_PRIMARY
ex-3304,Skin the cat,back,upper back,shoulders; core,body weight,bodyweight,back,core,bodyweight,added_weight,,none,other,unknown,none_expected,
ex-1425,Sled 45 degrees one leg press,upper legs,glutes,quadriceps; hamstrings; calves,sled machine,machine,glutes,core; hamstrings; calves,plate_loaded,total,,none,leg_press,compound,inherent_resistance_candidate,LOWER_BODY_COMPOUND_PRIMARY_GLUTES_ONLY; PLATE_LOADED_NO_BASE_RESISTANCE_METADATA; POSSIBLE_INHERENT_MACHINE_RESISTANCE
ex-0738,Sled 45в° calf press,lower legs,calves,hamstrings,sled machine,machine,calves,hamstrings,plate_loaded,total,,none,calf_raise,isolation,inherent_resistance_candidate,PLATE_LOADED_NO_BASE_RESISTANCE_METADATA; POSSIBLE_INHERENT_MACHINE_RESISTANCE
ex-0739,Sled 45в° leg press,upper legs,glutes,quadriceps; hamstrings; calves,sled machine,machine,glutes,core; hamstrings; calves,plate_loaded,total,,none,leg_press,compound,inherent_resistance_candidate,LOWER_BODY_COMPOUND_PRIMARY_GLUTES_ONLY; PLATE_LOADED_NO_BASE_RESISTANCE_METADATA; POSSIBLE_INHERENT_MACHINE_RESISTANCE
ex-1464,Sled 45в° leg press (back pov),upper legs,glutes,quadriceps; hamstrings; calves,sled machine,machine,glutes,core; hamstrings; calves,plate_loaded,total,,none,leg_press,compound,inherent_resistance_candidate,LOWER_BODY_COMPOUND_PRIMARY_GLUTES_ONLY; PLATE_LOADED_NO_BASE_RESISTANCE_METADATA; POSSIBLE_INHERENT_MACHINE_RESISTANCE
ex-1463,Sled 45° leg press (side pov),upper legs,glutes,quadriceps; hamstrings; calves,sled machine,machine,glutes,core; hamstrings; calves,plate_loaded,total,,none,leg_press,compound,inherent_resistance_candidate,LOWER_BODY_COMPOUND_PRIMARY_GLUTES_ONLY; PLATE_LOADED_NO_BASE_RESISTANCE_METADATA; POSSIBLE_INHERENT_MACHINE_RESISTANCE
ex-0740,Sled 45в° leg wide press,upper legs,glutes,quadriceps; hamstrings; calves,sled machine,machine,glutes,core; hamstrings; calves,plate_loaded,total,,none,other,unknown,inherent_resistance_candidate,PLATE_LOADED_NO_BASE_RESISTANCE_METADATA; POSSIBLE_INHERENT_MACHINE_RESISTANCE
ex-1391,Sled calf press on leg press,lower legs,calves,hamstrings; quadriceps,sled machine,machine,calves,hamstrings; core,plate_loaded,total,,none,leg_press,compound,inherent_resistance_candidate,PLATE_LOADED_NO_BASE_RESISTANCE_METADATA; POSSIBLE_INHERENT_MACHINE_RESISTANCE
ex-0741,Sled closer hack squat,upper legs,glutes,quadriceps; hamstrings; calves,sled machine,machine,glutes,core; hamstrings; calves,plate_loaded,total,,none,hack_squat,compound,inherent_resistance_candidate,LOWER_BODY_COMPOUND_PRIMARY_GLUTES_ONLY; PLATE_LOADED_NO_BASE_RESISTANCE_METADATA; POSSIBLE_INHERENT_MACHINE_RESISTANCE
ex-0742,Sled forward angled calf raise,lower legs,calves,hamstrings; glutes,sled machine,machine,calves,hamstrings; glutes,plate_loaded,total,,none,calf_raise,isolation,inherent_resistance_candidate,PLATE_LOADED_NO_BASE_RESISTANCE_METADATA; POSSIBLE_INHERENT_MACHINE_RESISTANCE
ex-0743,Sled hack squat,upper legs,glutes,quadriceps; hamstrings; calves,sled machine,machine,glutes,core; hamstrings; calves,plate_loaded,total,,none,hack_squat,compound,inherent_resistance_candidate,LOWER_BODY_COMPOUND_PRIMARY_GLUTES_ONLY; PLATE_LOADED_NO_BASE_RESISTANCE_METADATA; POSSIBLE_INHERENT_MACHINE_RESISTANCE
ex-2334,Sled lying calf press,lower legs,calves,hamstrings; glutes,sled machine,machine,calves,hamstrings; glutes,plate_loaded,total,,none,calf_raise,isolation,inherent_resistance_candidate,PLATE_LOADED_NO_BASE_RESISTANCE_METADATA; POSSIBLE_INHERENT_MACHINE_RESISTANCE
ex-0744,Sled lying squat,upper legs,glutes,quadriceps; hamstrings; calves,sled machine,machine,glutes,core; hamstrings; calves,plate_loaded,total,,none,squat,compound,inherent_resistance_candidate,LOWER_BODY_COMPOUND_PRIMARY_GLUTES_ONLY; PLATE_LOADED_NO_BASE_RESISTANCE_METADATA; POSSIBLE_INHERENT_MACHINE_RESISTANCE
ex-1392,Sled one leg calf press on leg press,lower legs,calves,hamstrings; glutes,sled machine,machine,calves,hamstrings; glutes,plate_loaded,total,,none,leg_press,compound,inherent_resistance_candidate,PLATE_LOADED_NO_BASE_RESISTANCE_METADATA; POSSIBLE_INHERENT_MACHINE_RESISTANCE
ex-1496,Sledge hammer,waist,abs,forearms; shoulders,hammer,other,core,forearms,other,total,,none,core,unknown,none_expected,UNMAPPED_EQUIPMENT; SECONDARY_DUPLICATES_PRIMARY; SLED_RESOLVED_NON_PLATE_LOADED
ex-0746,Smith back shrug,back,traps,shoulders,smith machine,machine,back,core,plate_loaded,total,,fixed,other,isolation,known_current,UNMAPPED_TARGET
ex-0747,Smith behind neck press,shoulders,delts,triceps; upper back,smith machine,machine,shoulders,triceps; back,plate_loaded,total,,fixed,other,unknown,known_current,
ex-0748,Smith bench press,chest,pectorals,triceps; shoulders,smith machine,machine,chest,triceps; core,plate_loaded,total,,fixed,bench_press,compound,known_current,
ex-0749,Smith bent knee good morning,upper legs,glutes,hamstrings; lower back,smith machine,machine,glutes,hamstrings; core,plate_loaded,total,,fixed,other,unknown,known_current,
ex-1359,Smith bent over row,back,upper back,biceps; forearms,smith machine,machine,back,biceps; forearms,plate_loaded,total,,fixed,row,compound,known_current,
ex-0750,Smith chair squat,upper legs,quads,glutes; hamstrings; calves,smith machine,machine,quadriceps,glutes; hamstrings; calves,plate_loaded,total,,fixed,squat,compound,known_current,LOWER_BODY_COMPOUND_PRIMARY_QUADRICEPS_ONLY
ex-0751,Smith close-grip bench press,upper arms,triceps,chest; shoulders,smith machine,machine,triceps,core,plate_loaded,total,,fixed,bench_press,compound,known_current,COMPOUND_SINGLE_MUSCLE_METADATA
ex-0752,Smith deadlift,upper legs,glutes,hamstrings; quadriceps; lower back,smith machine,machine,glutes,hamstrings; core,plate_loaded,total,,fixed,deadlift,compound,known_current,
ex-0753,Smith decline bench press,chest,pectorals,triceps; shoulders,smith machine,machine,chest,triceps; core,plate_loaded,total,,fixed,decline_press,compound,known_current,
ex-0754,Smith decline reverse-grip press,chest,pectorals,triceps; shoulders,smith machine,machine,chest,triceps; core,plate_loaded,total,,fixed,bench_press,compound,known_current,
ex-1433,Smith front squat (clean grip),upper legs,glutes,quadriceps; hamstrings; calves; core,smith machine,machine,glutes,core; hamstrings; calves,plate_loaded,total,,fixed,squat,compound,known_current,LOWER_BODY_COMPOUND_PRIMARY_GLUTES_ONLY
ex-3281,Smith full squat,upper legs,glutes,quadriceps; hamstrings; calves,smith machine,machine,glutes,core; hamstrings; calves,plate_loaded,total,,fixed,squat,compound,known_current,LOWER_BODY_COMPOUND_PRIMARY_GLUTES_ONLY
ex-0755,Smith hack squat,upper legs,glutes,quadriceps; hamstrings; calves,smith machine,machine,glutes,core; hamstrings; calves,plate_loaded,total,,fixed,hack_squat,compound,known_current,LOWER_BODY_COMPOUND_PRIMARY_GLUTES_ONLY
ex-0756,Smith hip raise,waist,abs,glutes; hamstrings,smith machine,machine,core,glutes; hamstrings,plate_loaded,total,,fixed,core,isolation,known_current,
ex-0757,Smith incline bench press,chest,pectorals,shoulders; triceps,smith machine,machine,chest,core; triceps,plate_loaded,total,,fixed,incline_press,compound,known_current,
ex-0758,Smith incline reverse-grip press,chest,pectorals,triceps; shoulders,smith machine,machine,chest,triceps; core,plate_loaded,total,,fixed,bench_press,compound,known_current,
ex-0759,Smith incline shoulder raises,chest,serratus anterior,deltoids; trapezius,smith machine,machine,chest,core,plate_loaded,total,,fixed,other,unknown,known_current,UNMAPPED_TARGET
ex-0760,Smith leg press,upper legs,glutes,quadriceps; hamstrings; calves,smith machine,machine,glutes,core; hamstrings; calves,plate_loaded,total,,fixed,leg_press,compound,known_current,LOWER_BODY_COMPOUND_PRIMARY_GLUTES_ONLY
ex-1434,Smith low bar squat,upper legs,glutes,quadriceps; hamstrings; calves,smith machine,machine,glutes,core; hamstrings; calves,plate_loaded,total,,fixed,squat,compound,known_current,LOWER_BODY_COMPOUND_PRIMARY_GLUTES_ONLY
ex-1683,Smith machine bicep curl,upper arms,biceps,forearms,smith machine,machine,biceps,forearms,plate_loaded,total,,fixed,elbow_flexion,isolation,known_current,
ex-1625,Smith machine decline close grip bench press,upper arms,triceps,chest; shoulders,smith machine,machine,triceps,core,plate_loaded,total,,fixed,bench_press,compound,known_current,COMPOUND_SINGLE_MUSCLE_METADATA
ex-1752,Smith machine incline tricep extension,upper arms,triceps,shoulders,smith machine,machine,triceps,core,plate_loaded,total,,fixed,elbow_extension,isolation,known_current,
ex-1626,Smith machine reverse decline close grip bench press,chest,pectorals,triceps; shoulders,smith machine,machine,chest,triceps; core,plate_loaded,total,,fixed,bench_press,compound,known_current,
ex-0761,Smith narrow row,back,upper back,biceps; rear deltoids,smith machine,machine,back,biceps; core,plate_loaded,total,,fixed,row,compound,known_current,
ex-1360,Smith one arm row,back,upper back,biceps; forearms,smith machine,machine,back,biceps; forearms,plate_loaded,total,,fixed,row,compound,known_current,
ex-1393,Smith one leg floor calf raise,lower legs,calves,hamstrings; glutes,smith machine,machine,calves,hamstrings; glutes,plate_loaded,total,,fixed,calf_raise,isolation,known_current,
ex-0762,Smith rear delt row,shoulders,delts,trapezius; rhomboids; biceps,smith machine,machine,shoulders,core; biceps,plate_loaded,total,,fixed,row,compound,known_current,
ex-0763,Smith reverse calf raises,lower legs,calves,hamstrings,smith machine,machine,calves,hamstrings,plate_loaded,total,,fixed,calf_raise,isolation,known_current,
ex-1394,Smith reverse calf raises,lower legs,calves,hamstrings,smith machine,machine,calves,hamstrings,plate_loaded,total,,fixed,calf_raise,isolation,known_current,
ex-1361,Smith reverse grip bent over row,back,upper back,biceps; forearms,smith machine,machine,back,biceps; forearms,plate_loaded,total,,fixed,row,compound,known_current,
ex-0764,Smith reverse-grip press,chest,pectorals,triceps; shoulders,smith machine,machine,chest,triceps; core,plate_loaded,total,,fixed,bench_press,compound,known_current,
ex-1395,Smith seated one leg calf raise,lower legs,calves,hamstrings,smith machine,machine,calves,hamstrings,plate_loaded,total,,fixed,calf_raise,isolation,known_current,
ex-0765,Smith seated shoulder press,shoulders,delts,triceps; upper back,smith machine,machine,shoulders,triceps; back,plate_loaded,total,,fixed,vertical_press,compound,known_current,
ex-1426,Smith seated wrist curl,lower arms,forearms,biceps; brachialis,smith machine,machine,forearms,biceps; core,plate_loaded,total,,fixed,elbow_flexion,isolation,known_current,
ex-0766,Smith shoulder press,shoulders,delts,triceps; upper back,smith machine,machine,shoulders,triceps; back,plate_loaded,total,,fixed,vertical_press,compound,known_current,
ex-0767,Smith shrug,back,traps,shoulders,smith machine,machine,back,core,plate_loaded,total,,fixed,other,isolation,known_current,UNMAPPED_TARGET
ex-0768,Smith single leg split squat,upper legs,quads,glutes; hamstrings,smith machine,machine,quadriceps,glutes; hamstrings,plate_loaded,total,,fixed,split_squat,compound,known_current,LOWER_BODY_COMPOUND_PRIMARY_QUADRICEPS_ONLY
ex-0769,Smith sprint lunge,upper legs,glutes,quadriceps; hamstrings; calves,smith machine,machine,glutes,core; hamstrings; calves,plate_loaded,total,,fixed,lunge,compound,known_current,LOWER_BODY_COMPOUND_PRIMARY_GLUTES_ONLY
ex-0770,Smith squat,upper legs,glutes,quadriceps; hamstrings; calves,smith machine,machine,glutes,core; hamstrings; calves,plate_loaded,total,,fixed,squat,compound,known_current,LOWER_BODY_COMPOUND_PRIMARY_GLUTES_ONLY
ex-0771,Smith standing back wrist curl,lower arms,forearms,biceps; triceps,smith machine,machine,forearms,biceps; triceps,plate_loaded,total,,fixed,elbow_flexion,isolation,known_current,
ex-0772,Smith standing behind head military press,shoulders,delts,triceps; upper back,smith machine,machine,shoulders,triceps; back,plate_loaded,total,,fixed,vertical_press,compound,known_current,
ex-0773,Smith standing leg calf raise,lower legs,calves,hamstrings; glutes,smith machine,machine,calves,hamstrings; glutes,plate_loaded,total,,fixed,calf_raise,isolation,known_current,
ex-0774,Smith standing military press,shoulders,delts,triceps; upper back,smith machine,machine,shoulders,triceps; back,plate_loaded,total,,fixed,vertical_press,compound,known_current,
ex-3142,Smith sumo squat,upper legs,glutes,quadriceps; hamstrings; calves,smith machine,machine,glutes,core; hamstrings; calves,plate_loaded,total,,fixed,squat,compound,known_current,LOWER_BODY_COMPOUND_PRIMARY_GLUTES_ONLY
ex-1396,Smith toe raise,lower legs,calves,ankles; shins,smith machine,machine,calves,core,plate_loaded,total,,fixed,calf_raise,isolation,known_current,
ex-0775,Smith upright row,shoulders,delts,traps; biceps,smith machine,machine,shoulders,core; biceps,plate_loaded,total,,fixed,row,compound,known_current,
ex-1308,Smith wide grip bench press,chest,pectorals,triceps; shoulders,smith machine,machine,chest,triceps; core,plate_loaded,total,,fixed,bench_press,compound,known_current,
ex-1309,Smith wide grip decline bench press,chest,pectorals,triceps; shoulders,smith machine,machine,chest,triceps; core,plate_loaded,total,,fixed,decline_press,compound,known_current,
ex-0776,Snatch pull,upper legs,quads,hamstrings; glutes; calves,barbell,barbell,quadriceps,hamstrings; glutes; calves,barbell,total,,user_bar,other,unknown,none_expected,
ex-0777,Spell caster,waist,abs,obliques; lower back,dumbbell,dumbbell,core,,dumbbell,per_hand,,none,core,unknown,none_expected,SECONDARY_DUPLICATES_PRIMARY
ex-1362,Sphinx,back,spine,glutes; hamstrings,body weight,bodyweight,back,glutes; hamstrings,bodyweight,added_weight,,none,other,unknown,none_expected,
ex-0778,Spider crawl push up,upper legs,glutes,core; chest; shoulders,body weight,bodyweight,glutes,core,bodyweight,added_weight,,none,bench_press,compound,none_expected,COMPOUND_SINGLE_MUSCLE_METADATA
ex-1363,Spine stretch,back,spine,hamstrings; glutes,body weight,bodyweight,back,hamstrings; glutes,bodyweight,added_weight,,none,other,unknown,none_expected,
ex-2329,Spine twist,waist,abs,obliques; lower back,body weight,bodyweight,core,,bodyweight,added_weight,,none,core,unknown,none_expected,SECONDARY_DUPLICATES_PRIMARY
ex-2368,Split squats,upper legs,quads,glutes; hamstrings; calves,body weight,bodyweight,quadriceps,glutes; hamstrings; calves,bodyweight,added_weight,,none,other,unknown,none_expected,
ex-0786,Squat jerk,upper legs,quads,glutes; hamstrings; calves; core,barbell,barbell,quadriceps,glutes; hamstrings; calves; core,barbell,total,,user_bar,squat,compound,none_expected,LOWER_BODY_COMPOUND_PRIMARY_QUADRICEPS_ONLY
ex-1705,Squat on bosu ball,upper legs,quads,glutes; hamstrings; calves,bosu ball,other,quadriceps,glutes; hamstrings; calves,other,total,,none,squat,compound,none_expected,UNMAPPED_EQUIPMENT; LOWER_BODY_COMPOUND_PRIMARY_QUADRICEPS_ONLY
ex-1685,Squat to overhead reach,upper legs,quads,glutes; hamstrings; core,body weight,bodyweight,quadriceps,glutes; hamstrings; core,bodyweight,added_weight,,none,squat,compound,none_expected,LOWER_BODY_COMPOUND_PRIMARY_QUADRICEPS_ONLY
ex-1686,Squat to overhead reach with twist,upper legs,quads,glutes; hamstrings; core,body weight,bodyweight,quadriceps,glutes; hamstrings; core,bodyweight,added_weight,,none,squat,compound,none_expected,LOWER_BODY_COMPOUND_PRIMARY_QUADRICEPS_ONLY
ex-2297,Stability ball crunch (full range hands behind head),waist,abs,hip flexors,stability ball,other,core,,other,total,,none,core,unknown,none_expected,UNMAPPED_EQUIPMENT; SECONDARY_DUPLICATES_PRIMARY
ex-3291,Stalder press,upper arms,triceps,shoulders; core,body weight,bodyweight,triceps,core,bodyweight,added_weight,,none,other,unknown,none_expected,
ex-3669,Standing archer,back,upper back,shoulders; biceps; forearms,body weight,bodyweight,back,core; biceps; forearms,bodyweight,added_weight,,none,other,unknown,none_expected,
ex-0788,Standing behind neck press,shoulders,delts,triceps; upper back,barbell,barbell,shoulders,triceps; back,barbell,total,,user_bar,other,unknown,none_expected,
ex-1490,Standing calf raise (on a staircase),lower legs,calves,ankles; feet,body weight,bodyweight,calves,core,bodyweight,added_weight,,none,calf_raise,isolation,none_expected,
ex-1397,Standing calves,lower legs,calves,hamstrings; glutes,body weight,bodyweight,calves,hamstrings; glutes,bodyweight,added_weight,,none,calf_raise,isolation,none_expected,
ex-1398,Standing calves calf stretch,lower legs,calves,hamstrings; glutes,body weight,bodyweight,calves,hamstrings; glutes,bodyweight,added_weight,,none,calf_raise,isolation,none_expected,
ex-1599,Standing hamstring and calf stretch with strap,upper legs,hamstrings,calves,rope,other,hamstrings,calves,other,total,,none,calf_raise,isolation,none_expected,UNMAPPED_EQUIPMENT
ex-0794,Standing lateral stretch,back,lats,shoulders; obliques,body weight,bodyweight,back,core,bodyweight,added_weight,,none,other,unknown,none_expected,
ex-1364,Standing pelvic tilt,back,spine,abdominals,body weight,bodyweight,back,core,bodyweight,added_weight,,none,other,unknown,none_expected,
ex-0795,Standing single leg curl,upper legs,hamstrings,glutes,body weight,bodyweight,hamstrings,glutes,bodyweight,added_weight,,none,knee_flexion,isolation,none_expected,
ex-0796,Standing wheel rollerout,waist,abs,lower back; shoulders,wheel roller,other,core,,other,total,,none,core,unknown,none_expected,UNMAPPED_EQUIPMENT; SECONDARY_DUPLICATES_PRIMARY
ex-3223,Star jump (male),cardio,cardiovascular system,quadriceps; hamstrings; calves,body weight,bodyweight,core,hamstrings; calves,bodyweight,added_weight,,none,other,unknown,none_expected,UNMAPPED_TARGET; TARGET_FALLBACK_TO_CORE; SECONDARY_DUPLICATES_PRIMARY
ex-2138,Stationary bike run v. 3,cardio,cardiovascular system,quadriceps; hamstrings; calves,stationary bike,other,core,hamstrings; calves,other,total,,none,other,unknown,none_expected,UNMAPPED_EQUIPMENT; UNMAPPED_TARGET; TARGET_FALLBACK_TO_CORE; SECONDARY_DUPLICATES_PRIMARY
ex-0798,Stationary bike walk,cardio,cardiovascular system,quadriceps; hamstrings; calves,leverage machine,machine,core,hamstrings; calves,selectorized,total,,none,other,unknown,none_expected,UNMAPPED_TARGET; TARGET_FALLBACK_TO_CORE; SECONDARY_DUPLICATES_PRIMARY; POSSIBLE_PLATE_LOADED_MACHINE; LEVER_RESOLVED_SELECTOR_ONLY
ex-3314,Straddle maltese,waist,abs,shoulders; chest,body weight,bodyweight,core,,bodyweight,added_weight,,none,core,unknown,none_expected,SECONDARY_DUPLICATES_PRIMARY
ex-3298,Straddle planche,waist,abs,shoulders; triceps; chest,body weight,bodyweight,core,triceps,bodyweight,added_weight,,none,core,unknown,none_expected,SECONDARY_DUPLICATES_PRIMARY
ex-1427,Straight leg outer hip abductor,upper legs,abductors,glutes; hamstrings,body weight,bodyweight,quadriceps,glutes; hamstrings,bodyweight,added_weight,,none,other,unknown,none_expected,UNMAPPED_TARGET
ex-0803,Superman push-up,chest,pectorals,core; shoulders,body weight,bodyweight,chest,core,bodyweight,added_weight,,none,bench_press,compound,none_expected,COMPOUND_SINGLE_MUSCLE_METADATA
ex-0805,Suspended abdominal fallout,waist,abs,obliques; hip flexors,body weight,bodyweight,core,,bodyweight,added_weight,,none,core,unknown,none_expected,SECONDARY_DUPLICATES_PRIMARY
ex-0806,Suspended push-up,chest,pectorals,triceps; shoulders; core,body weight,bodyweight,chest,triceps; core,bodyweight,added_weight,,none,bench_press,compound,none_expected,
ex-0807,Suspended reverse crunch,waist,abs,hip flexors,body weight,bodyweight,core,,bodyweight,added_weight,,none,core,unknown,none_expected,SECONDARY_DUPLICATES_PRIMARY
ex-0808,Suspended row,back,upper back,biceps; shoulders,body weight,bodyweight,back,biceps; core,bodyweight,added_weight,,none,row,compound,none_expected,
ex-0809,Suspended split squat,upper legs,quads,glutes; hamstrings; calves,body weight,bodyweight,quadriceps,glutes; hamstrings; calves,bodyweight,added_weight,,none,split_squat,compound,none_expected,LOWER_BODY_COMPOUND_PRIMARY_QUADRICEPS_ONLY
ex-3433,Swimmer kicks v. 2 (male),upper legs,glutes,hamstrings; quadriceps; calves,body weight,bodyweight,glutes,hamstrings; core; calves,bodyweight,added_weight,,none,other,unknown,none_expected,
ex-3318,Swing 360,cardio,cardiovascular system,shoulders; core,body weight,bodyweight,core,,bodyweight,added_weight,,none,other,unknown,none_expected,UNMAPPED_TARGET; TARGET_FALLBACK_TO_CORE; SECONDARY_DUPLICATES_PRIMARY
ex-1753,Three bench dip,upper arms,triceps,chest; shoulders,body weight,bodyweight,triceps,core,bodyweight,added_weight,,none,elbow_extension,compound,none_expected,COMPOUND_SINGLE_MUSCLE_METADATA
ex-2459,Tire flip,upper legs,glutes,hamstrings; quadriceps; core,tire,other,glutes,hamstrings; core,other,total,,none,other,unknown,none_expected,UNMAPPED_EQUIPMENT
ex-0811,Trap bar deadlift,upper legs,glutes,hamstrings; quadriceps; lower back,trap bar,other,glutes,hamstrings; core,other,total,,none,deadlift,compound,none_expected,UNMAPPED_EQUIPMENT
ex-0814,Triceps dip,upper arms,triceps,chest; shoulders,body weight,bodyweight,triceps,core,bodyweight,added_weight,1,none,elbow_extension,compound,none_expected,COMPOUND_SINGLE_MUSCLE_METADATA
ex-0812,Triceps dip (bench leg),upper arms,triceps,chest; shoulders,body weight,bodyweight,triceps,core,bodyweight,added_weight,1,none,elbow_extension,compound,none_expected,COMPOUND_SINGLE_MUSCLE_METADATA
ex-0813,Triceps dip (between benches),upper arms,triceps,chest; shoulders,body weight,bodyweight,triceps,core,bodyweight,added_weight,1,none,elbow_extension,compound,none_expected,COMPOUND_SINGLE_MUSCLE_METADATA
ex-0815,Triceps dips floor,upper arms,triceps,chest; shoulders,body weight,bodyweight,triceps,core,bodyweight,added_weight,,none,elbow_extension,compound,none_expected,COMPOUND_SINGLE_MUSCLE_METADATA
ex-0816,Triceps press,upper arms,triceps,shoulders,body weight,bodyweight,triceps,core,bodyweight,added_weight,,none,other,unknown,none_expected,
ex-0817,Triceps stretch,upper arms,triceps,shoulders,body weight,bodyweight,triceps,core,bodyweight,added_weight,,none,other,unknown,none_expected,
ex-0871,Tuck crunch,waist,abs,hip flexors,body weight,bodyweight,core,,bodyweight,added_weight,,none,core,unknown,none_expected,SECONDARY_DUPLICATES_PRIMARY
ex-0818,Twin handle parallel grip lat pulldown,back,lats,biceps; rhomboids; rear deltoids,cable,cable,back,biceps; core,cable,total,,none,pulldown,compound,none_expected,
ex-1466,Twist hip lift,upper legs,glutes,obliques; hamstrings,body weight,bodyweight,glutes,core; hamstrings,bodyweight,added_weight,,none,other,unknown,none_expected,
ex-2802,Twisted leg raise,waist,abs,obliques; hip flexors,body weight,bodyweight,core,,bodyweight,added_weight,,none,core,isolation,none_expected,SECONDARY_DUPLICATES_PRIMARY
ex-2801,Twisted leg raise (female),waist,abs,obliques; hip flexors,body weight,bodyweight,core,,bodyweight,added_weight,,none,core,isolation,none_expected,SECONDARY_DUPLICATES_PRIMARY
ex-3231,Two toe touch (male),back,spine,hamstrings; glutes,body weight,bodyweight,back,hamstrings; glutes,bodyweight,added_weight,,none,other,unknown,none_expected,
ex-1365,Upper back stretch,back,upper back,shoulders,body weight,bodyweight,back,core,bodyweight,added_weight,,none,other,unknown,none_expected,
ex-1366,Upward facing dog,back,spine,shoulders; chest,body weight,bodyweight,back,core,bodyweight,added_weight,,none,other,unknown,none_expected,
ex-3420,V-sit on floor,waist,abs,hip flexors,body weight,bodyweight,core,,bodyweight,added_weight,,none,core,unknown,none_expected,SECONDARY_DUPLICATES_PRIMARY
ex-0826,Vertical leg raise (on parallel bars),waist,abs,hip flexors,body weight,bodyweight,core,,bodyweight,added_weight,,none,core,isolation,none_expected,SECONDARY_DUPLICATES_PRIMARY
ex-2141,Walk elliptical cross trainer,cardio,cardiovascular system,quadriceps; hamstrings; glutes; calves,elliptical machine,machine,core,hamstrings; glutes; calves,selectorized,total,,none,other,unknown,none_expected,UNMAPPED_TARGET; TARGET_FALLBACK_TO_CORE; SECONDARY_DUPLICATES_PRIMARY
ex-3655,Walking high knees lunge,cardio,cardiovascular system,quadriceps; hamstrings; glutes; calves,body weight,bodyweight,core,hamstrings; glutes; calves,bodyweight,added_weight,,none,lunge,compound,none_expected,UNMAPPED_TARGET; TARGET_FALLBACK_TO_CORE; SECONDARY_DUPLICATES_PRIMARY
ex-1460,Walking lunge,upper legs,glutes,quadriceps; hamstrings; calves,body weight,bodyweight,glutes,core; hamstrings; calves,bodyweight,added_weight,,none,lunge,compound,none_expected,LOWER_BODY_COMPOUND_PRIMARY_GLUTES_ONLY
ex-3666,Walking on incline treadmill,cardio,cardiovascular system,quadriceps; hamstrings; calves,leverage machine,machine,core,hamstrings; calves,selectorized,total,,none,other,unknown,none_expected,UNMAPPED_TARGET; TARGET_FALLBACK_TO_CORE; SECONDARY_DUPLICATES_PRIMARY; POSSIBLE_PLATE_LOADED_MACHINE; LEVER_RESOLVED_SELECTOR_ONLY
ex-2311,Walking on stepmill,cardio,cardiovascular system,quadriceps; hamstrings; glutes; calves,stepmill machine,machine,core,hamstrings; glutes; calves,selectorized,total,,none,other,unknown,none_expected,UNMAPPED_TARGET; TARGET_FALLBACK_TO_CORE; SECONDARY_DUPLICATES_PRIMARY
ex-0830,Weighted bench dip,upper arms,triceps,chest; shoulders,weighted,other,triceps,core,other,total,,none,elbow_extension,compound,none_expected,UNMAPPED_EQUIPMENT; COMPOUND_SINGLE_MUSCLE_METADATA
ex-2987,Weighted close grip chin-up on dip cage,back,lats,biceps; forearms,weighted,other,back,biceps; forearms,other,total,,none,chin_up,compound,none_expected,UNMAPPED_EQUIPMENT
ex-3643,Weighted cossack squats (male),upper legs,glutes,quadriceps; hamstrings; calves,weighted,other,glutes,core; hamstrings; calves,other,total,,none,other,unknown,none_expected,UNMAPPED_EQUIPMENT
ex-0832,Weighted crunch,waist,abs,obliques,weighted,other,core,,other,total,,none,core,unknown,none_expected,UNMAPPED_EQUIPMENT; SECONDARY_DUPLICATES_PRIMARY
ex-3670,Weighted decline sit-up,waist,abs,hip flexors; lower back,weighted,other,core,,other,total,,none,core,unknown,none_expected,UNMAPPED_EQUIPMENT; SECONDARY_DUPLICATES_PRIMARY
ex-0833,Weighted donkey calf raise,lower legs,calves,hamstrings; glutes,weighted,other,calves,hamstrings; glutes,other,total,,none,calf_raise,isolation,none_expected,UNMAPPED_EQUIPMENT
ex-1310,Weighted drop push up,chest,pectorals,triceps; shoulders,weighted,other,chest,triceps; core,other,total,,none,bench_press,compound,none_expected,UNMAPPED_EQUIPMENT
ex-2135,Weighted front plank,waist,abs,shoulders; lower back,weighted,other,core,,other,total,,none,core,unknown,none_expected,UNMAPPED_EQUIPMENT; SECONDARY_DUPLICATES_PRIMARY
ex-0834,Weighted front raise,shoulders,delts,biceps; forearms,weighted,other,shoulders,biceps; forearms,other,total,,none,front_raise,isolation,none_expected,UNMAPPED_EQUIPMENT
ex-0866,Weighted hanging leg-hip raise,waist,abs,hip flexors; lower back,weighted,other,core,,other,total,,none,core,isolation,none_expected,UNMAPPED_EQUIPMENT; SECONDARY_DUPLICATES_PRIMARY
ex-0835,Weighted hyperextension (on stability ball),back,spine,glutes; hamstrings,weighted,other,back,glutes; hamstrings,other,total,,none,other,unknown,none_expected,UNMAPPED_EQUIPMENT
ex-3641,Weighted kneeling step with swing,shoulders,delts,triceps; core,weighted,other,shoulders,triceps; core,other,total,,none,other,unknown,none_expected,UNMAPPED_EQUIPMENT
ex-3644,Weighted lunge with swing,upper legs,glutes,quadriceps; hamstrings; calves,weighted,other,glutes,core; hamstrings; calves,other,total,,none,lunge,compound,none_expected,UNMAPPED_EQUIPMENT; LOWER_BODY_COMPOUND_PRIMARY_GLUTES_ONLY
ex-3286,Weighted muscle up,back,lats,biceps; triceps; shoulders; chest,weighted,other,back,biceps; triceps; core,other,total,,none,other,compound,none_expected,UNMAPPED_EQUIPMENT
ex-3312,Weighted muscle up (on bar),back,lats,biceps; triceps; shoulders; forearms,weighted,other,back,biceps; triceps; core; forearms,other,total,,none,other,compound,none_expected,UNMAPPED_EQUIPMENT
ex-3290,Weighted one hand pull up,back,lats,biceps; forearms,weighted,other,back,biceps; forearms,other,total,,none,pull_up,compound,none_expected,UNMAPPED_EQUIPMENT
ex-0840,Weighted overhead crunch (on stability ball),waist,abs,obliques; lower back,weighted,other,core,,other,total,,none,core,unknown,none_expected,UNMAPPED_EQUIPMENT; SECONDARY_DUPLICATES_PRIMARY
ex-0841,Weighted pull-up,back,lats,biceps; forearms,weighted,other,back,biceps; forearms,bodyweight,added_weight,1,none,pull_up,compound,none_expected,UNMAPPED_EQUIPMENT
ex-0844,Weighted round arm,shoulders,delts,triceps; upper back,weighted,other,shoulders,triceps; back,other,total,,none,other,unknown,none_expected,UNMAPPED_EQUIPMENT
ex-0846,Weighted russian twist,waist,abs,obliques; lower back,weighted,other,core,,other,total,,none,core,unknown,none_expected,UNMAPPED_EQUIPMENT; SECONDARY_DUPLICATES_PRIMARY
ex-0845,Weighted russian twist (legs up),waist,abs,obliques; hip flexors,weighted,other,core,,other,total,,none,core,unknown,none_expected,UNMAPPED_EQUIPMENT; SECONDARY_DUPLICATES_PRIMARY
ex-2371,Weighted russian twist v. 2,waist,abs,obliques; lower back,weighted,other,core,,other,total,,none,core,unknown,none_expected,UNMAPPED_EQUIPMENT; SECONDARY_DUPLICATES_PRIMARY
ex-0847,Weighted seated bicep curl (on stability ball),upper arms,biceps,forearms,medicine ball,other,biceps,forearms,other,total,,none,elbow_flexion,isolation,none_expected,UNMAPPED_EQUIPMENT
ex-0849,Weighted seated twist (on stability ball),waist,abs,obliques; lower back,weighted,other,core,,other,total,,none,core,unknown,none_expected,UNMAPPED_EQUIPMENT; SECONDARY_DUPLICATES_PRIMARY
ex-0850,Weighted side bend (on stability ball),waist,abs,obliques; lower back,weighted,other,core,,other,total,,none,core,unknown,none_expected,UNMAPPED_EQUIPMENT; SECONDARY_DUPLICATES_PRIMARY
ex-0851,Weighted sissy squat,upper legs,quads,glutes; hamstrings; calves,weighted,other,quadriceps,glutes; hamstrings; calves,other,total,,none,squat,compound,none_expected,UNMAPPED_EQUIPMENT; LOWER_BODY_COMPOUND_PRIMARY_QUADRICEPS_ONLY
ex-0852,Weighted squat,upper legs,glutes,quadriceps; hamstrings; calves,weighted,other,glutes,core; hamstrings; calves,other,total,,none,squat,compound,none_expected,UNMAPPED_EQUIPMENT; LOWER_BODY_COMPOUND_PRIMARY_GLUTES_ONLY
ex-0853,Weighted standing curl,upper arms,biceps,forearms,weighted,other,biceps,forearms,other,total,,none,elbow_flexion,isolation,none_expected,UNMAPPED_EQUIPMENT
ex-0854,Weighted standing hand squeeze,lower arms,forearms,biceps; triceps,weighted,other,forearms,biceps; triceps,other,total,,none,other,unknown,none_expected,UNMAPPED_EQUIPMENT
ex-3313,Weighted straight bar dip,chest,pectorals,triceps; shoulders,weighted,other,chest,triceps; core,other,total,,none,elbow_extension,compound,none_expected,UNMAPPED_EQUIPMENT
ex-3642,Weighted stretch lunge,upper legs,glutes,quadriceps; hamstrings; calves,weighted,other,glutes,core; hamstrings; calves,other,total,,none,lunge,compound,none_expected,UNMAPPED_EQUIPMENT; LOWER_BODY_COMPOUND_PRIMARY_GLUTES_ONLY
ex-0856,Weighted svend press,chest,pectorals,shoulders; triceps,weighted,other,chest,core; triceps,other,total,,none,bench_press,compound,none_expected,UNMAPPED_EQUIPMENT
ex-1754,Weighted three bench dips,upper arms,triceps,chest; shoulders,weighted,other,triceps,core,other,total,,none,elbow_extension,compound,none_expected,UNMAPPED_EQUIPMENT; COMPOUND_SINGLE_MUSCLE_METADATA
ex-1755,Weighted tricep dips,upper arms,triceps,chest; shoulders,weighted,other,triceps,core,bodyweight,added_weight,1,none,elbow_extension,compound,none_expected,UNMAPPED_EQUIPMENT; COMPOUND_SINGLE_MUSCLE_METADATA
ex-1767,Weighted triceps dip on high parallel bars,upper arms,triceps,chest; shoulders,weighted,other,triceps,core,other,total,,none,elbow_extension,compound,none_expected,UNMAPPED_EQUIPMENT; COMPOUND_SINGLE_MUSCLE_METADATA
ex-0857,Wheel rollerout,waist,abs,lower back,wheel roller,other,core,,other,total,,none,core,unknown,none_expected,UNMAPPED_EQUIPMENT; SECONDARY_DUPLICATES_PRIMARY
ex-3637,Wheel run,cardio,cardiovascular system,quadriceps; hamstrings; calves,body weight,bodyweight,core,hamstrings; calves,bodyweight,added_weight,,none,other,unknown,none_expected,UNMAPPED_TARGET; TARGET_FALLBACK_TO_CORE; SECONDARY_DUPLICATES_PRIMARY
ex-1429,Wide grip pull-up,back,lats,biceps; forearms,body weight,bodyweight,back,biceps; forearms,bodyweight,added_weight,1,none,pull_up,compound,none_expected,
ex-1367,Wide grip rear pull-up,back,lats,biceps; forearms,body weight,bodyweight,back,biceps; forearms,bodyweight,added_weight,1,none,pull_up,compound,none_expected,
ex-1311,Wide hand push up,chest,pectorals,triceps; shoulders,body weight,bodyweight,chest,triceps; core,bodyweight,added_weight,,none,bench_press,compound,none_expected,
ex-2363,Wide-grip chest dip on high parallel bars,chest,pectorals,triceps; shoulders,body weight,bodyweight,chest,triceps; core,bodyweight,added_weight,1,none,elbow_extension,compound,none_expected,
ex-0858,Wind sprints,waist,abs,quadriceps; hamstrings; calves,body weight,bodyweight,core,hamstrings; calves,bodyweight,added_weight,,none,core,unknown,none_expected,SECONDARY_DUPLICATES_PRIMARY
ex-1604,World greatest stretch,upper legs,hamstrings,glutes; quadriceps; calves,body weight,bodyweight,hamstrings,glutes; core; calves,bodyweight,added_weight,,none,other,unknown,none_expected,
ex-1428,Wrist circles,lower arms,forearms,hands; wrists,body weight,bodyweight,forearms,core,bodyweight,added_weight,,none,other,isolation,none_expected,
ex-0859,Wrist rollerer,lower arms,forearms,biceps; triceps,weighted,other,forearms,biceps; triceps,other,total,,none,other,isolation,none_expected,UNMAPPED_EQUIPMENT